Loan_ID,Gender,Married,Dependents,Education,Self_Employed,ApplicantIncome,CoapplicantIncome,LoanAmount,Loan_Amount_Term,Credit_History,Property_Area,Loan_Status,TotalIncome,LoanIncomeRatio,EstimatedEMI
LP001002,Male,No,0,Graduate,No,5849,0.0,128.0,360.0,1.0,Urban,Y,5849.0,0.02188034188034188,0.35555555555555557
LP001003,Male,Yes,1,Graduate,No,4583,1508.0,128.0,360.0,1.0,Rural,N,6091.0,0.021011162179908074,0.35555555555555557
LP001005,Male,Yes,0,Graduate,Yes,3000,0.0,66.0,360.0,1.0,Urban,Y,3000.0,0.021992669110296566,0.18333333333333332
LP001006,Male,Yes,0,Not Graduate,No,2583,2358.0,120.0,360.0,1.0,Urban,Y,4941.0,0.024281667341157425,0.3333333333333333
LP001008,Male,No,0,Graduate,No,6000,0.0,141.0,360.0,1.0,Urban,Y,6000.0,0.023496083986002333,0.39166666666666666
LP001011,Male,Yes,2,Graduate,Yes,5417,4196.0,267.0,360.0,1.0,Urban,Y,9613.0,0.027771999167880174,0.7416666666666667
LP001013,Male,Yes,0,Not Graduate,No,2333,1516.0,95.0,360.0,1.0,Urban,Y,3849.0,0.024675324675324677,0.2638888888888889
LP001014,Male,Yes,3+,Graduate,No,3036,2504.0,158.0,360.0,0.0,Semiurban,N,5540.0,0.02851470853636528,0.4388888888888889
LP001018,Male,Yes,2,Graduate,No,4006,1526.0,168.0,360.0,1.0,Urban,Y,5532.0,0.030363274896078075,0.4666666666666667
LP001020,Male,Yes,1,Graduate,No,12841,10968.0,349.0,360.0,1.0,Semiurban,N,23809.0,0.014657706845863082,0.9694444444444444
LP001024,Male,Yes,2,Graduate,No,3200,700.0,70.0,360.0,1.0,Urban,Y,3900.0,0.017944116893104333,0.19444444444444445
LP001027,Male,Yes,2,Graduate,No,2500,1840.0,109.0,360.0,1.0,Urban,Y,4340.0,0.025109421792213777,0.30277777777777776
LP001028,Male,Yes,2,Graduate,No,3073,8106.0,200.0,360.0,1.0,Urban,Y,11179.0,0.017889087656529516,0.5555555555555556
LP001029,Male,No,0,Graduate,No,1853,2840.0,114.0,360.0,1.0,Rural,N,4693.0,0.024286322965487855,0.31666666666666665
LP001030,Male,Yes,2,Graduate,No,1299,1086.0,17.0,120.0,1.0,Urban,Y,2385.0,0.007124895222129086,0.14166666666666666
LP001032,Male,No,0,Graduate,No,4950,0.0,125.0,360.0,1.0,Urban,Y,4950.0,0.025247424762674206,0.3472222222222222
LP001034,Male,No,1,Not Graduate,No,3596,0.0,100.0,240.0,1.0,Urban,Y,3596.0,0.027800945232137893,0.4166666666666667
LP001036,Female,No,0,Graduate,No,3510,0.0,76.0,360.0,0.0,Urban,N,3510.0,0.02164625462831102,0.2111111111111111
LP001038,Male,Yes,0,Not Graduate,No,4887,0.0,133.0,360.0,1.0,Rural,N,4887.0,0.02720949263502455,0.36944444444444446
LP001041,Male,Yes,0,Graduate,No,2600,3500.0,115.0,360.0,1.0,Urban,Y,6100.0,0.018849368955908868,0.3194444444444444
LP001043,Male,Yes,0,Not Graduate,No,7660,0.0,104.0,360.0,0.0,Urban,N,7660.0,0.013575251272679808,0.28888888888888886
LP001046,Male,Yes,1,Graduate,No,5955,5625.0,315.0,360.0,1.0,Urban,Y,11580.0,0.027199723685346688,0.875
LP001047,Male,Yes,0,Not Graduate,No,2600,1911.0,116.0,360.0,0.0,Semiurban,N,4511.0,0.025709219858156027,0.32222222222222224
LP001050,Male,Yes,2,Not Graduate,No,3365,1917.0,112.0,360.0,0.0,Rural,N,5282.0,0.021200075714556125,0.3111111111111111
LP001052,Male,Yes,1,Graduate,No,3717,2925.0,151.0,360.0,1.0,Semiurban,N,6642.0,0.022730693963570674,0.41944444444444445
LP001066,Male,Yes,0,Graduate,Yes,9560,0.0,191.0,360.0,1.0,Semiurban,Y,9560.0,0.019976989854617717,0.5305555555555556
LP001068,Male,Yes,0,Graduate,No,2799,2253.0,122.0,360.0,1.0,Semiurban,Y,5052.0,0.02414407282802296,0.3388888888888889
LP001073,Male,Yes,2,Not Graduate,No,4226,1040.0,110.0,360.0,1.0,Urban,Y,5266.0,0.020884754129485476,0.3055555555555556
LP001086,Male,No,0,Not Graduate,No,1442,0.0,35.0,360.0,1.0,Urban,N,1442.0,0.024255024255024255,0.09722222222222222
LP001087,Female,No,2,Graduate,No,3750,2083.0,120.0,360.0,1.0,Semiurban,Y,5833.0,0.02056907781967775,0.3333333333333333
LP001091,Male,Yes,1,Graduate,No,4166,3369.0,201.0,360.0,1.0,Urban,N,7535.0,0.026671974522292995,0.5583333333333333
LP001095,Male,No,0,Graduate,No,3167,0.0,74.0,360.0,1.0,Urban,N,3167.0,0.02335858585858586,0.20555555555555555
LP001097,Male,No,1,Graduate,Yes,4692,0.0,106.0,360.0,1.0,Rural,N,4692.0,0.02258683145109738,0.29444444444444445
LP001098,Male,Yes,0,Graduate,No,3500,1667.0,114.0,360.0,1.0,Semiurban,Y,5167.0,0.022058823529411766,0.31666666666666665
LP001100,Male,No,3+,Graduate,No,12500,3000.0,320.0,360.0,1.0,Rural,N,15500.0,0.02064382943035933,0.8888888888888888
LP001106,Male,Yes,0,Graduate,No,2275,2067.0,128.0,360.0,1.0,Urban,Y,4342.0,0.029472714713331797,0.35555555555555557
LP001109,Male,Yes,0,Graduate,No,1828,1330.0,100.0,360.0,0.0,Urban,N,3158.0,0.03165558721114277,0.2777777777777778
LP001112,Female,Yes,0,Graduate,No,3667,1459.0,144.0,360.0,1.0,Semiurban,Y,5126.0,0.028086600351082503,0.4
LP001114,Male,No,0,Graduate,No,4166,7210.0,184.0,360.0,1.0,Urban,Y,11376.0,0.016172980574843985,0.5111111111111111
LP001116,Male,No,0,Not Graduate,No,3748,1668.0,110.0,360.0,1.0,Semiurban,Y,5416.0,0.020306442680450433,0.3055555555555556
LP001119,Male,No,0,Graduate,No,3600,0.0,80.0,360.0,1.0,Urban,N,3600.0,0.022216051096917523,0.2222222222222222
LP001120,Male,No,0,Graduate,No,1800,1213.0,47.0,360.0,1.0,Urban,Y,3013.0,0.015593895155938951,0.13055555555555556
LP001123,Male,Yes,0,Graduate,No,2400,0.0,75.0,360.0,1.0,Urban,Y,2400.0,0.03123698458975427,0.20833333333333334
LP001131,Male,Yes,0,Graduate,No,3941,2336.0,134.0,360.0,1.0,Semiurban,Y,6277.0,0.021344377190187957,0.37222222222222223
LP001136,Male,Yes,0,Not Graduate,Yes,4695,0.0,96.0,360.0,1.0,Urban,Y,4695.0,0.020442930153321975,0.26666666666666666
LP001137,Female,No,0,Graduate,No,3410,0.0,88.0,360.0,1.0,Urban,Y,3410.0,0.0257988859571973,0.24444444444444444
LP001138,Male,Yes,1,Graduate,No,5649,0.0,44.0,360.0,1.0,Urban,Y,5649.0,0.007787610619469027,0.12222222222222222
LP001144,Male,Yes,0,Graduate,No,5821,0.0,144.0,360.0,1.0,Urban,Y,5821.0,0.024733768464445208,0.4
LP001146,Female,Yes,0,Graduate,No,2645,3440.0,120.0,360.0,0.0,Urban,N,6085.0,0.019717384160368057,0.3333333333333333
LP001151,Female,No,0,Graduate,No,4000,2275.0,144.0,360.0,1.0,Semiurban,Y,6275.0,0.022944550669216062,0.4
LP001155,Female,Yes,0,Not Graduate,No,1928,1644.0,100.0,360.0,1.0,Semiurban,Y,3572.0,0.027987685418415897,0.2777777777777778
LP001157,Female,No,0,Graduate,No,3086,0.0,120.0,360.0,1.0,Semiurban,Y,3086.0,0.038872691933916424,0.3333333333333333
LP001164,Female,No,0,Graduate,No,4230,0.0,112.0,360.0,1.0,Semiurban,N,4230.0,0.02647128338454266,0.3111111111111111
LP001179,Male,Yes,2,Graduate,No,4616,0.0,134.0,360.0,1.0,Urban,N,4616.0,0.02902317522200563,0.37222222222222223
LP001186,Female,Yes,1,Graduate,Yes,11500,0.0,286.0,360.0,0.0,Urban,N,11500.0,0.024867402834536128,0.7944444444444444
LP001194,Male,Yes,2,Graduate,No,2708,1167.0,97.0,360.0,1.0,Semiurban,Y,3875.0,0.02502579979360165,0.26944444444444443
LP001195,Male,Yes,0,Graduate,No,2132,1591.0,96.0,360.0,1.0,Semiurban,Y,3723.0,0.02577873254564984,0.26666666666666666
LP001197,Male,Yes,0,Graduate,No,3366,2200.0,135.0,360.0,1.0,Rural,N,5566.0,0.02425004490749057,0.375
LP001198,Male,Yes,1,Graduate,No,8080,2250.0,180.0,360.0,1.0,Urban,Y,10330.0,0.017423289129803503,0.5
LP001199,Male,Yes,2,Not Graduate,No,3357,2859.0,144.0,360.0,1.0,Urban,Y,6216.0,0.023162296927778672,0.4
LP001205,Male,Yes,0,Graduate,No,2500,3796.0,120.0,360.0,1.0,Urban,Y,6296.0,0.019056693663649357,0.3333333333333333
LP001206,Male,Yes,3+,Graduate,No,3029,0.0,99.0,360.0,1.0,Urban,Y,3029.0,0.032673267326732675,0.275
LP001207,Male,Yes,0,Not Graduate,Yes,2609,3449.0,165.0,180.0,0.0,Rural,N,6058.0,0.027232216537382406,0.9166666666666666
LP001213,Male,Yes,1,Graduate,No,4945,0.0,128.0,360.0,0.0,Rural,N,4945.0,0.02587949858471492,0.35555555555555557
LP001222,Female,No,0,Graduate,No,4166,0.0,116.0,360.0,0.0,Semiurban,N,4166.0,0.027837772978161746,0.32222222222222224
LP001225,Male,Yes,0,Graduate,No,5726,4595.0,258.0,360.0,1.0,Semiurban,N,10321.0,0.024995155977523737,0.7166666666666667
LP001228,Male,No,0,Not Graduate,No,3200,2254.0,126.0,180.0,0.0,Urban,N,5454.0,0.0230980751604033,0.7
LP001233,Male,Yes,1,Graduate,No,10750,0.0,312.0,360.0,1.0,Urban,Y,10750.0,0.02902055622732769,0.8666666666666667
LP001238,Male,Yes,3+,Not Graduate,Yes,7100,0.0,125.0,60.0,1.0,Urban,Y,7100.0,0.017603154485283764,2.0833333333333335
LP001241,Female,No,0,Graduate,No,4300,0.0,136.0,360.0,0.0,Semiurban,N,4300.0,0.03162055335968379,0.37777777777777777
LP001243,Male,Yes,0,Graduate,No,3208,3066.0,172.0,360.0,1.0,Urban,Y,6274.0,0.02741035856573705,0.4777777777777778
LP001245,Male,Yes,2,Not Graduate,Yes,1875,1875.0,97.0,360.0,1.0,Semiurban,Y,3750.0,0.025859770727805917,0.26944444444444443
LP001248,Male,No,0,Graduate,No,3500,0.0,81.0,300.0,1.0,Semiurban,Y,3500.0,0.02313624678663239,0.27
LP001250,Male,Yes,3+,Not Graduate,No,4755,0.0,95.0,360.0,0.0,Semiurban,N,4755.0,0.019974768713204374,0.2638888888888889
LP001253,Male,Yes,3+,Graduate,Yes,5266,1774.0,187.0,360.0,1.0,Semiurban,Y,7040.0,0.02655872745348672,0.5194444444444445
LP001255,Male,No,0,Graduate,No,3750,0.0,113.0,480.0,1.0,Urban,N,3750.0,0.030125299920021328,0.23541666666666666
LP001256,Male,No,0,Graduate,No,3750,4750.0,176.0,360.0,1.0,Urban,N,8500.0,0.0207034466533349,0.4888888888888889
LP001259,Male,Yes,1,Graduate,Yes,1000,3022.0,110.0,360.0,1.0,Urban,N,4022.0,0.02734277902063137,0.3055555555555556
LP001263,Male,Yes,3+,Graduate,No,3167,4000.0,180.0,300.0,0.0,Semiurban,N,7167.0,0.025111607142857144,0.6
LP001264,Male,Yes,3+,Not Graduate,Yes,3333,2166.0,130.0,360.0,1.0,Semiurban,Y,5499.0,0.023636363636363636,0.3611111111111111
LP001265,Female,No,0,Graduate,No,3846,0.0,111.0,360.0,1.0,Semiurban,Y,3846.0,0.028853652196516765,0.30833333333333335
LP001266,Male,Yes,1,Graduate,Yes,2395,0.0,128.0,360.0,1.0,Semiurban,Y,2395.0,0.05342237061769616,0.35555555555555557
LP001267,Female,Yes,2,Graduate,No,1378,1881.0,167.0,360.0,1.0,Urban,N,3259.0,0.05122699386503068,0.4638888888888889
LP001273,Male,Yes,0,Graduate,No,6000,2250.0,265.0,360.0,1.0,Semiurban,N,8250.0,0.03211731911283481,0.7361111111111112
LP001275,Male,Yes,1,Graduate,No,3988,0.0,50.0,240.0,1.0,Urban,Y,3988.0,0.012534469791927802,0.20833333333333334
LP001279,Male,No,0,Graduate,No,2366,2531.0,136.0,360.0,1.0,Semiurban,Y,4897.0,0.027766435279706004,0.37777777777777777
LP001280,Male,Yes,2,Not Graduate,No,3333,2000.0,99.0,360.0,1.0,Semiurban,Y,5333.0,0.01856017997750281,0.275
LP001282,Male,Yes,0,Graduate,No,2500,2118.0,104.0,360.0,1.0,Semiurban,Y,4618.0,0.022515696038103484,0.28888888888888886
LP001289,Male,No,0,Graduate,No,8566,0.0,210.0,360.0,1.0,Urban,Y,8566.0,0.02451266487685304,0.5833333333333334
LP001310,Male,Yes,0,Graduate,No,5695,4167.0,175.0,360.0,1.0,Semiurban,Y,9862.0,0.017743080198722498,0.4861111111111111
LP001316,Male,Yes,0,Graduate,No,2958,2900.0,131.0,360.0,1.0,Semiurban,Y,5858.0,0.022358764294248164,0.3638888888888889
LP001318,Male,Yes,2,Graduate,No,6250,5654.0,188.0,180.0,1.0,Semiurban,Y,11904.0,0.015791684166316673,1.0444444444444445
LP001319,Male,Yes,2,Not Graduate,No,3273,1820.0,81.0,360.0,1.0,Urban,Y,5093.0,0.015901060070671377,0.225
LP001322,Male,No,0,Graduate,No,4133,0.0,122.0,360.0,1.0,Semiurban,Y,4133.0,0.029511369134010642,0.3388888888888889
LP001325,Male,No,0,Not Graduate,No,3620,0.0,25.0,120.0,1.0,Semiurban,Y,3620.0,0.006904170118751726,0.20833333333333334
LP001326,Male,No,0,Graduate,No,6782,0.0,128.0,360.0,1.0,Urban,N,6782.0,0.018870706177207725,0.35555555555555557
LP001327,Female,Yes,0,Graduate,No,2484,2302.0,137.0,360.0,1.0,Semiurban,Y,4786.0,0.028619176937539167,0.38055555555555554
LP001333,Male,Yes,0,Graduate,No,1977,997.0,50.0,360.0,1.0,Semiurban,Y,2974.0,0.01680672268907563,0.1388888888888889
LP001334,Male,Yes,0,Not Graduate,No,4188,0.0,115.0,180.0,1.0,Semiurban,Y,4188.0,0.027452852709477202,0.6388888888888888
LP001343,Male,Yes,0,Graduate,No,1759,3541.0,131.0,360.0,1.0,Semiurban,Y,5300.0,0.024712318430484815,0.3638888888888889
LP001345,Male,Yes,2,Not Graduate,No,4288,3263.0,133.0,180.0,1.0,Urban,Y,7551.0,0.017611228813559324,0.7388888888888889
LP001349,Male,No,0,Graduate,No,4843,3806.0,151.0,360.0,1.0,Semiurban,Y,8649.0,0.017456647398843932,0.41944444444444445
LP001350,Male,Yes,0,Graduate,No,13650,0.0,128.0,360.0,1.0,Urban,Y,13650.0,0.0093766024467072,0.35555555555555557
LP001356,Male,Yes,0,Graduate,No,4652,3583.0,128.0,360.0,1.0,Semiurban,Y,8235.0,0.015541525012141816,0.35555555555555557
LP001357,Male,Yes,0,Graduate,No,3816,754.0,160.0,360.0,1.0,Urban,Y,4570.0,0.03500328155764603,0.4444444444444444
LP001367,Male,Yes,1,Graduate,No,3052,1030.0,100.0,360.0,1.0,Urban,Y,4082.0,0.02449179524859172,0.2777777777777778
LP001369,Male,Yes,2,Graduate,No,11417,1126.0,225.0,360.0,1.0,Urban,Y,12543.0,0.01793686224489796,0.625
LP001370,Male,No,0,Not Graduate,No,7333,0.0,120.0,360.0,1.0,Rural,N,7333.0,0.01636214889555495,0.3333333333333333
LP001379,Male,Yes,2,Graduate,No,3800,3600.0,216.0,360.0,0.0,Urban,N,7400.0,0.029185245237130116,0.6
LP001384,Male,Yes,3+,Not Graduate,No,2071,754.0,94.0,480.0,1.0,Semiurban,Y,2825.0,0.03326256192498231,0.19583333333333333
LP001385,Male,No,0,Graduate,No,5316,0.0,136.0,360.0,1.0,Urban,Y,5316.0,0.025578333646793305,0.37777777777777777
LP001387,Female,Yes,0,Graduate,No,2929,2333.0,139.0,360.0,1.0,Semiurban,Y,5262.0,0.026410792323769715,0.3861111111111111
LP001391,Male,Yes,0,Not Graduate,No,3572,4114.0,152.0,360.0,0.0,Rural,N,7686.0,0.01977364381423182,0.4222222222222222
LP001392,Female,No,1,Graduate,Yes,7451,0.0,128.0,360.0,1.0,Semiurban,Y,7451.0,0.017176596886741814,0.35555555555555557
LP001398,Male,No,0,Graduate,No,5050,0.0,118.0,360.0,1.0,Semiurban,Y,5050.0,0.02336171055236587,0.3277777777777778
LP001401,Male,Yes,1,Graduate,No,14583,0.0,185.0,180.0,1.0,Rural,Y,14583.0,0.012685134393856282,1.0277777777777777
LP001404,Female,Yes,0,Graduate,No,3167,2283.0,154.0,360.0,1.0,Semiurban,Y,5450.0,0.028251696936341955,0.42777777777777776
LP001405,Male,Yes,1,Graduate,No,2214,1398.0,85.0,360.0,1.0,Urban,Y,3612.0,0.023526155549404928,0.2361111111111111
LP001421,Male,Yes,0,Graduate,No,5568,2142.0,175.0,360.0,1.0,Rural,N,7710.0,0.022694851510828687,0.4861111111111111
LP001422,Female,No,0,Graduate,No,10408,0.0,259.0,360.0,1.0,Urban,Y,10408.0,0.02488231338264963,0.7194444444444444
LP001426,Male,Yes,0,Graduate,No,5667,2667.0,180.0,360.0,1.0,Rural,Y,8334.0,0.021595680863827234,0.5
LP001430,Female,No,0,Graduate,No,4166,0.0,44.0,360.0,1.0,Semiurban,Y,4166.0,0.010559155267578594,0.12222222222222222
LP001431,Female,No,0,Graduate,No,2137,8980.0,137.0,360.0,0.0,Semiurban,Y,11117.0,0.012322360136715237,0.38055555555555554
LP001432,Male,Yes,2,Graduate,No,2957,0.0,81.0,360.0,1.0,Semiurban,Y,2957.0,0.02738336713995943,0.225
LP001439,Male,Yes,0,Not Graduate,No,4300,2014.0,194.0,360.0,1.0,Rural,Y,6314.0,0.030720506730007917,0.5388888888888889
LP001443,Female,No,0,Graduate,No,3692,0.0,93.0,360.0,1.0,Rural,Y,3692.0,0.025182778229082048,0.25833333333333336
LP001448,Male,Yes,3+,Graduate,No,23803,0.0,370.0,360.0,1.0,Rural,Y,23803.0,0.015543606116619056,1.0277777777777777
LP001449,Male,No,0,Graduate,No,3865,1640.0,128.0,360.0,1.0,Rural,Y,5505.0,0.023247366509262624,0.35555555555555557
LP001451,Male,Yes,1,Graduate,Yes,10513,3850.0,160.0,180.0,0.0,Urban,N,14363.0,0.01113895850737956,0.8888888888888888
LP001465,Male,Yes,0,Graduate,No,6080,2569.0,182.0,360.0,1.0,Rural,N,8649.0,0.021040462427745665,0.5055555555555555
LP001469,Male,No,0,Graduate,Yes,20166,0.0,650.0,480.0,1.0,Urban,Y,20166.0,0.03223087221698815,1.3541666666666667
LP001473,Male,No,0,Graduate,No,2014,1929.0,74.0,360.0,1.0,Urban,Y,3943.0,0.018762677484787018,0.20555555555555555
LP001478,Male,No,0,Graduate,No,2718,0.0,70.0,360.0,1.0,Semiurban,Y,2718.0,0.025744759102611255,0.19444444444444445
LP001482,Male,Yes,0,Graduate,Yes,3459,0.0,25.0,120.0,1.0,Semiurban,Y,3459.0,0.0072254335260115606,0.20833333333333334
LP001487,Male,No,0,Graduate,No,4895,0.0,102.0,360.0,1.0,Semiurban,Y,4895.0,0.020833333333333332,0.2833333333333333
LP001488,Male,Yes,3+,Graduate,No,4000,7750.0,290.0,360.0,1.0,Semiurban,N,11750.0,0.024678750744617478,0.8055555555555556
LP001489,Female,Yes,0,Graduate,No,4583,0.0,84.0,360.0,1.0,Rural,N,4583.0,0.01832460732984293,0.23333333333333334
LP001491,Male,Yes,2,Graduate,Yes,3316,3500.0,88.0,360.0,1.0,Urban,Y,6816.0,0.012908904210063077,0.24444444444444444
LP001492,Male,No,0,Graduate,No,14999,0.0,242.0,360.0,0.0,Semiurban,N,14999.0,0.016133333333333333,0.6722222222222223
LP001493,Male,Yes,2,Not Graduate,No,4200,1430.0,129.0,360.0,1.0,Rural,N,5630.0,0.02290889717634523,0.35833333333333334
LP001497,Male,Yes,2,Graduate,No,5042,2083.0,185.0,360.0,1.0,Rural,N,7125.0,0.02596126859388156,0.5138888888888888
LP001498,Male,No,0,Graduate,No,5417,0.0,168.0,360.0,1.0,Urban,Y,5417.0,0.031007751937984496,0.4666666666666667
LP001504,Male,No,0,Graduate,Yes,6950,0.0,175.0,180.0,1.0,Semiurban,Y,6950.0,0.025176233635448138,0.9722222222222222
LP001507,Male,Yes,0,Graduate,No,2698,2034.0,122.0,360.0,1.0,Semiurban,Y,4732.0,0.025776463131206424,0.3388888888888889
LP001508,Male,Yes,2,Graduate,No,11757,0.0,187.0,180.0,1.0,Urban,Y,11757.0,0.01590406531723082,1.038888888888889
LP001514,Female,Yes,0,Graduate,No,2330,4486.0,100.0,360.0,1.0,Semiurban,Y,6816.0,0.014669209329617133,0.2777777777777778
LP001516,Female,Yes,2,Graduate,No,14866,0.0,70.0,360.0,1.0,Urban,Y,14866.0,0.004708414609537903,0.19444444444444445
LP001518,Male,Yes,1,Graduate,No,1538,1425.0,30.0,360.0,1.0,Urban,Y,2963.0,0.010121457489878543,0.08333333333333333
LP001519,Female,No,0,Graduate,No,10000,1666.0,225.0,360.0,1.0,Rural,N,11666.0,0.019285163281049112,0.625
LP001520,Male,Yes,0,Graduate,No,4860,830.0,125.0,360.0,1.0,Semiurban,Y,5690.0,0.021964505359339307,0.3472222222222222
LP001528,Male,No,0,Graduate,No,6277,0.0,118.0,360.0,0.0,Rural,N,6277.0,0.01879579483912074,0.3277777777777778
LP001529,Male,Yes,0,Graduate,Yes,2577,3750.0,152.0,360.0,1.0,Rural,Y,6327.0,0.02402022756005057,0.4222222222222222
LP001531,Male,No,0,Graduate,No,9166,0.0,244.0,360.0,1.0,Urban,N,9166.0,0.026617213919493836,0.6777777777777778
LP001532,Male,Yes,2,Not Graduate,No,2281,0.0,113.0,360.0,1.0,Rural,N,2281.0,0.04951796669588081,0.3138888888888889
LP001535,Male,No,0,Graduate,No,3254,0.0,50.0,360.0,1.0,Urban,Y,3254.0,0.015360983102918587,0.1388888888888889
LP001536,Male,Yes,3+,Graduate,No,39999,0.0,600.0,180.0,0.0,Semiurban,Y,39999.0,0.015,3.3333333333333335
LP001541,Male,Yes,1,Graduate,No,6000,0.0,160.0,360.0,1.0,Rural,Y,6000.0,0.026662222962839526,0.4444444444444444
LP001543,Male,Yes,1,Graduate,No,9538,0.0,187.0,360.0,1.0,Urban,Y,9538.0,0.01960373204738442,0.5194444444444445
LP001546,Male,No,0,Graduate,No,2980,2083.0,120.0,360.0,1.0,Rural,Y,5063.0,0.023696682464454975,0.3333333333333333
LP001552,Male,Yes,0,Graduate,No,4583,5625.0,255.0,360.0,1.0,Semiurban,Y,10208.0,0.024977960622979724,0.7083333333333334
LP001560,Male,Yes,0,Not Graduate,No,1863,1041.0,98.0,360.0,1.0,Semiurban,Y,2904.0,0.033734939759036145,0.2722222222222222
LP001562,Male,Yes,0,Graduate,No,7933,0.0,275.0,360.0,1.0,Urban,N,7933.0,0.034660952861104107,0.7638888888888888
LP001565,Male,Yes,1,Graduate,No,3089,1280.0,121.0,360.0,0.0,Semiurban,N,4369.0,0.02768878718535469,0.33611111111111114
LP001570,Male,Yes,2,Graduate,No,4167,1447.0,158.0,360.0,1.0,Rural,Y,5614.0,0.028138913624220836,0.4388888888888889
LP001572,Male,Yes,0,Graduate,No,9323,0.0,75.0,180.0,1.0,Urban,Y,9323.0,0.008043758043758044,0.4166666666666667
LP001574,Male,Yes,0,Graduate,No,3707,3166.0,182.0,360.0,1.0,Rural,Y,6873.0,0.026476578411405296,0.5055555555555555
LP001577,Female,Yes,0,Graduate,No,4583,0.0,112.0,360.0,1.0,Rural,N,4583.0,0.02443280977312391,0.3111111111111111
LP001578,Male,Yes,0,Graduate,No,2439,3333.0,129.0,360.0,1.0,Rural,Y,5772.0,0.022345401004676944,0.35833333333333334
LP001579,Male,No,0,Graduate,No,2237,0.0,63.0,480.0,0.0,Semiurban,N,2237.0,0.028150134048257374,0.13125
LP001580,Male,Yes,2,Graduate,No,8000,0.0,200.0,360.0,1.0,Semiurban,Y,8000.0,0.024996875390576177,0.5555555555555556
LP001581,Male,Yes,0,Not Graduate,No,1820,1769.0,95.0,360.0,1.0,Rural,Y,3589.0,0.026462395543175487,0.2638888888888889
LP001585,Male,Yes,3+,Graduate,No,51763,0.0,700.0,300.0,1.0,Urban,Y,51763.0,0.01352291167606831,2.3333333333333335
LP001586,Male,Yes,3+,Not Graduate,No,3522,0.0,81.0,180.0,1.0,Rural,N,3522.0,0.022991768379222254,0.45
LP001594,Male,Yes,0,Graduate,No,5708,5625.0,187.0,360.0,1.0,Semiurban,Y,11333.0,0.016499029468854773,0.5194444444444445
LP001603,Male,Yes,0,Not Graduate,Yes,4344,736.0,87.0,360.0,1.0,Semiurban,N,5080.0,0.017122613658728598,0.24166666666666667
LP001606,Male,Yes,0,Graduate,No,3497,1964.0,116.0,360.0,1.0,Rural,Y,5461.0,0.021237641889417794,0.32222222222222224
LP001608,Male,Yes,2,Graduate,No,2045,1619.0,101.0,360.0,1.0,Rural,Y,3664.0,0.027557980900409278,0.28055555555555556
LP001610,Male,Yes,3+,Graduate,No,5516,11300.0,495.0,360.0,0.0,Semiurban,N,16816.0,0.02943450080275911,1.375
LP001616,Male,Yes,1,Graduate,No,3750,0.0,116.0,360.0,1.0,Semiurban,Y,3750.0,0.030925086643561715,0.32222222222222224
LP001630,Male,No,0,Not Graduate,No,2333,1451.0,102.0,480.0,0.0,Urban,N,3784.0,0.026948480845442536,0.2125
LP001633,Male,Yes,1,Graduate,No,6400,7250.0,180.0,360.0,0.0,Urban,N,13650.0,0.013185847190682002,0.5
LP001634,Male,No,0,Graduate,No,1916,5063.0,67.0,360.0,1.0,Rural,N,6979.0,0.009598853868194842,0.18611111111111112
LP001636,Male,Yes,0,Graduate,No,4600,0.0,73.0,180.0,1.0,Semiurban,Y,4600.0,0.01586611606172571,0.40555555555555556
LP001637,Male,Yes,1,Graduate,No,33846,0.0,260.0,360.0,1.0,Semiurban,N,33846.0,0.0076816261411646524,0.7222222222222222
LP001639,Female,Yes,0,Graduate,No,3625,0.0,108.0,360.0,1.0,Semiurban,Y,3625.0,0.02978488692774407,0.3
LP001640,Male,Yes,0,Graduate,Yes,39147,4750.0,120.0,360.0,1.0,Semiurban,Y,43897.0,0.0027336097316506447,0.3333333333333333
LP001641,Male,Yes,1,Graduate,Yes,2178,0.0,66.0,300.0,0.0,Rural,N,2178.0,0.030289123451124368,0.22
LP001643,Male,Yes,0,Graduate,No,2383,2138.0,58.0,360.0,1.0,Rural,Y,4521.0,0.012826183104820876,0.16111111111111112
LP001644,Male,Yes,0,Graduate,Yes,674,5296.0,168.0,360.0,1.0,Rural,Y,5970.0,0.02813599062133646,0.4666666666666667
LP001647,Male,Yes,0,Graduate,No,9328,0.0,188.0,180.0,1.0,Rural,Y,9328.0,0.020152213527709295,1.0444444444444445
LP001653,Male,No,0,Not Graduate,No,4885,0.0,48.0,360.0,1.0,Rural,Y,4885.0,0.009823986901350798,0.13333333333333333
LP001656,Male,No,0,Graduate,No,12000,0.0,164.0,360.0,1.0,Semiurban,N,12000.0,0.013665527872677276,0.45555555555555555
LP001657,Male,Yes,0,Not Graduate,No,6033,0.0,160.0,360.0,1.0,Urban,N,6033.0,0.026516407026847863,0.4444444444444444
LP001658,Male,No,0,Graduate,No,3858,0.0,76.0,360.0,1.0,Semiurban,Y,3858.0,0.019694221300855144,0.2111111111111111
LP001664,Male,No,0,Graduate,No,4191,0.0,120.0,360.0,1.0,Rural,Y,4191.0,0.02862595419847328,0.3333333333333333
LP001665,Male,Yes,1,Graduate,No,3125,2583.0,170.0,360.0,1.0,Semiurban,N,5708.0,0.02977754422841128,0.4722222222222222
LP001666,Male,No,0,Graduate,No,8333,3750.0,187.0,360.0,1.0,Rural,Y,12083.0,0.015475008275405495,0.5194444444444445
LP001669,Female,No,0,Not Graduate,No,1907,2365.0,120.0,360.0,1.0,Urban,Y,4272.0,0.02808331383103206,0.3333333333333333
LP001671,Female,Yes,0,Graduate,No,3416,2816.0,113.0,360.0,1.0,Semiurban,Y,6232.0,0.01812931172789989,0.3138888888888889
LP001673,Male,No,0,Graduate,Yes,11000,0.0,83.0,360.0,1.0,Urban,N,11000.0,0.007544768657394782,0.23055555555555557
LP001674,Male,Yes,1,Not Graduate,No,2600,2500.0,90.0,360.0,1.0,Semiurban,Y,5100.0,0.01764359929425603,0.25
LP001677,Male,No,2,Graduate,No,4923,0.0,166.0,360.0,0.0,Semiurban,Y,4923.0,0.033712428919577576,0.46111111111111114
LP001682,Male,Yes,3+,Not Graduate,No,3992,0.0,128.0,180.0,1.0,Urban,N,3992.0,0.03205609817180065,0.7111111111111111
LP001688,Male,Yes,1,Not Graduate,No,3500,1083.0,135.0,360.0,1.0,Urban,Y,4583.0,0.029450261780104712,0.375
LP001691,Male,Yes,2,Not Graduate,No,3917,0.0,124.0,360.0,1.0,Semiurban,Y,3917.0,0.03164880040837162,0.34444444444444444
LP001692,Female,No,0,Not Graduate,No,4408,0.0,120.0,360.0,1.0,Semiurban,Y,4408.0,0.027217056021773645,0.3333333333333333
LP001693,Female,No,0,Graduate,No,3244,0.0,80.0,360.0,1.0,Urban,Y,3244.0,0.02465331278890601,0.2222222222222222
LP001698,Male,No,0,Not Graduate,No,3975,2531.0,55.0,360.0,1.0,Rural,Y,6506.0,0.008452435838327955,0.1527777777777778
LP001699,Male,No,0,Graduate,No,2479,0.0,59.0,360.0,1.0,Urban,Y,2479.0,0.02379032258064516,0.1638888888888889
LP001702,Male,No,0,Graduate,No,3418,0.0,127.0,360.0,1.0,Semiurban,N,3418.0,0.03714536414156186,0.3527777777777778
LP001708,Female,No,0,Graduate,No,10000,0.0,214.0,360.0,1.0,Semiurban,N,10000.0,0.021397860213978603,0.5944444444444444
LP001711,Male,Yes,3+,Graduate,No,3430,1250.0,128.0,360.0,0.0,Semiurban,N,4680.0,0.027344584490493484,0.35555555555555557
LP001713,Male,Yes,1,Graduate,Yes,7787,0.0,240.0,360.0,1.0,Urban,Y,7787.0,0.030816640986132512,0.6666666666666666
LP001715,Male,Yes,3+,Not Graduate,Yes,5703,0.0,130.0,360.0,1.0,Rural,Y,5703.0,0.02279102384291725,0.3611111111111111
LP001716,Male,Yes,0,Graduate,No,3173,3021.0,137.0,360.0,1.0,Urban,Y,6194.0,0.022114608555286523,0.38055555555555554
LP001720,Male,Yes,3+,Not Graduate,No,3850,983.0,100.0,360.0,1.0,Semiurban,Y,4833.0,0.02068680182043856,0.2777777777777778
LP001722,Male,Yes,0,Graduate,No,150,1800.0,135.0,360.0,1.0,Rural,N,1950.0,0.06919528446950282,0.375
LP001726,Male,Yes,0,Graduate,No,3727,1775.0,131.0,360.0,1.0,Semiurban,Y,5502.0,0.023805197165182628,0.3638888888888889
LP001732,Male,Yes,2,Graduate,No,5000,0.0,72.0,360.0,0.0,Semiurban,N,5000.0,0.014397120575884824,0.2
LP001734,Female,Yes,2,Graduate,No,4283,2383.0,127.0,360.0,1.0,Semiurban,Y,6666.0,0.01904904754762262,0.3527777777777778
LP001736,Male,Yes,0,Graduate,No,2221,0.0,60.0,360.0,0.0,Urban,N,2221.0,0.027002700270027002,0.16666666666666666
LP001743,Male,Yes,2,Graduate,No,4009,1717.0,116.0,360.0,1.0,Semiurban,Y,5726.0,0.020254932774576566,0.32222222222222224
LP001744,Male,No,0,Graduate,No,2971,2791.0,144.0,360.0,1.0,Semiurban,Y,5762.0,0.024986985944820406,0.4
LP001749,Male,Yes,0,Graduate,No,7578,1010.0,175.0,360.0,1.0,Semiurban,Y,8588.0,0.020374898125509373,0.4861111111111111
LP001750,Male,Yes,0,Graduate,No,6250,0.0,128.0,360.0,1.0,Semiurban,Y,6250.0,0.020476723724204126,0.35555555555555557
LP001751,Male,Yes,0,Graduate,No,3250,0.0,170.0,360.0,1.0,Rural,N,3250.0,0.05229160258382036,0.4722222222222222
LP001754,Male,Yes,0,Not Graduate,Yes,4735,0.0,138.0,360.0,1.0,Urban,N,4735.0,0.029138513513513514,0.38333333333333336
LP001758,Male,Yes,2,Graduate,No,6250,1695.0,210.0,360.0,1.0,Semiurban,Y,7945.0,0.02642839164359426,0.5833333333333334
LP001760,Male,Yes,0,Graduate,No,4758,0.0,158.0,480.0,1.0,Semiurban,Y,4758.0,0.03320025215381383,0.32916666666666666
LP001761,Male,No,0,Graduate,Yes,6400,0.0,200.0,360.0,1.0,Rural,Y,6400.0,0.031245117950320263,0.5555555555555556
LP001765,Male,Yes,1,Graduate,No,2491,2054.0,104.0,360.0,1.0,Semiurban,Y,4545.0,0.02287725472943247,0.28888888888888886
LP001768,Male,Yes,0,Graduate,No,3716,0.0,42.0,180.0,1.0,Rural,Y,3716.0,0.011299435028248588,0.23333333333333334
LP001770,Male,No,0,Not Graduate,No,3189,2598.0,120.0,360.0,1.0,Rural,Y,5787.0,0.02073255010366275,0.3333333333333333
LP001776,Female,No,0,Graduate,No,8333,0.0,280.0,360.0,1.0,Semiurban,Y,8333.0,0.033597312215022795,0.7777777777777778
LP001778,Male,Yes,1,Graduate,No,3155,1779.0,140.0,360.0,1.0,Semiurban,Y,4934.0,0.028368794326241134,0.3888888888888889
LP001784,Male,Yes,1,Graduate,No,5500,1260.0,170.0,360.0,1.0,Rural,Y,6760.0,0.025144209436473896,0.4722222222222222
LP001786,Male,Yes,0,Graduate,No,5746,0.0,255.0,360.0,1.0,Urban,N,5746.0,0.044370976161475555,0.7083333333333334
LP001788,Female,No,0,Graduate,Yes,3463,0.0,122.0,360.0,1.0,Urban,Y,3463.0,0.03521939953810624,0.3388888888888889
LP001790,Female,No,1,Graduate,No,3812,0.0,112.0,360.0,1.0,Rural,Y,3812.0,0.02937319695777603,0.3111111111111111
LP001792,Male,Yes,1,Graduate,No,3315,0.0,96.0,360.0,1.0,Semiurban,Y,3315.0,0.028950542822677925,0.26666666666666666
LP001798,Male,Yes,2,Graduate,No,5819,5000.0,120.0,360.0,1.0,Rural,Y,10819.0,0.011090573012939002,0.3333333333333333
LP001800,Male,Yes,1,Not Graduate,No,2510,1983.0,140.0,180.0,1.0,Urban,N,4493.0,0.03115264797507788,0.7777777777777778
LP001806,Male,No,0,Graduate,No,2965,5701.0,155.0,60.0,1.0,Urban,Y,8666.0,0.017883927541248415,2.5833333333333335
LP001807,Male,Yes,2,Graduate,Yes,6250,1300.0,108.0,360.0,1.0,Rural,Y,7550.0,0.014302741358760428,0.3
LP001811,Male,Yes,0,Not Graduate,No,3406,4417.0,123.0,360.0,1.0,Semiurban,Y,7823.0,0.01572085889570552,0.3416666666666667
LP001813,Male,No,0,Graduate,Yes,6050,4333.0,120.0,180.0,1.0,Urban,N,10383.0,0.011556240369799691,0.6666666666666666
LP001814,Male,Yes,2,Graduate,No,9703,0.0,112.0,360.0,1.0,Urban,Y,9703.0,0.011541632316570486,0.3111111111111111
LP001819,Male,Yes,1,Not Graduate,No,6608,0.0,137.0,180.0,1.0,Urban,Y,6608.0,0.02072930851868664,0.7611111111111111
LP001824,Male,Yes,1,Graduate,No,2882,1843.0,123.0,480.0,1.0,Semiurban,Y,4725.0,0.026026237833262803,0.25625
LP001825,Male,Yes,0,Graduate,No,1809,1868.0,90.0,360.0,1.0,Urban,Y,3677.0,0.024469820554649267,0.25
LP001835,Male,Yes,0,Not Graduate,No,1668,3890.0,201.0,360.0,0.0,Semiurban,N,5558.0,0.03615758229897464,0.5583333333333333
LP001836,Female,No,2,Graduate,No,3427,0.0,138.0,360.0,1.0,Urban,N,3427.0,0.040256709451575265,0.38333333333333336
LP001841,Male,No,0,Not Graduate,Yes,2583,2167.0,104.0,360.0,1.0,Rural,Y,4750.0,0.02189012839402231,0.28888888888888886
LP001843,Male,Yes,1,Not Graduate,No,2661,7101.0,279.0,180.0,1.0,Semiurban,Y,9762.0,0.0285772815732869,1.55
LP001844,Male,No,0,Graduate,Yes,16250,0.0,192.0,360.0,0.0,Urban,N,16250.0,0.011814657559534798,0.5333333333333333
LP001846,Female,No,3+,Graduate,No,3083,0.0,255.0,360.0,1.0,Rural,Y,3083.0,0.08268482490272373,0.7083333333333334
LP001849,Male,No,0,Not Graduate,No,6045,0.0,115.0,360.0,0.0,Rural,N,6045.0,0.01902084022494211,0.3194444444444444
LP001854,Male,Yes,3+,Graduate,No,5250,0.0,94.0,360.0,1.0,Urban,N,5250.0,0.017901352123405066,0.2611111111111111
LP001859,Male,Yes,0,Graduate,No,14683,2100.0,304.0,360.0,1.0,Rural,N,16783.0,0.01811248808388942,0.8444444444444444
LP001864,Male,Yes,3+,Not Graduate,No,4931,0.0,128.0,360.0,1.0,Semiurban,N,4931.0,0.025952960259529603,0.35555555555555557
LP001865,Male,Yes,1,Graduate,No,6083,4250.0,330.0,360.0,1.0,Urban,Y,10333.0,0.03193342365008709,0.9166666666666666
LP001868,Male,No,0,Graduate,No,2060,2209.0,134.0,360.0,1.0,Semiurban,Y,4269.0,0.03138173302107728,0.37222222222222223
LP001870,Female,No,1,Graduate,No,3481,0.0,155.0,36.0,1.0,Semiurban,N,3481.0,0.04451464675473866,4.305555555555555
LP001871,Female,No,0,Graduate,No,7200,0.0,120.0,360.0,1.0,Rural,Y,7200.0,0.016664352173309263,0.3333333333333333
LP001872,Male,No,0,Graduate,Yes,5166,0.0,128.0,360.0,1.0,Semiurban,Y,5166.0,0.0247725953164312,0.35555555555555557
LP001875,Male,No,0,Graduate,No,4095,3447.0,151.0,360.0,1.0,Rural,Y,7542.0,0.020018560254540633,0.41944444444444445
LP001877,Male,Yes,2,Graduate,No,4708,1387.0,150.0,360.0,1.0,Semiurban,Y,6095.0,0.024606299212598427,0.4166666666666667
LP001882,Male,Yes,3+,Graduate,No,4333,1811.0,160.0,360.0,0.0,Urban,Y,6144.0,0.026037428803905614,0.4444444444444444
LP001883,Female,No,0,Graduate,No,3418,0.0,135.0,360.0,1.0,Rural,N,3418.0,0.03948522959929804,0.375
LP001884,Female,No,1,Graduate,No,2876,1560.0,90.0,360.0,1.0,Urban,Y,4436.0,0.02028397565922921,0.25
LP001888,Female,No,0,Graduate,No,3237,0.0,30.0,360.0,1.0,Urban,Y,3237.0,0.00926497838171711,0.08333333333333333
LP001891,Male,Yes,0,Graduate,No,11146,0.0,136.0,360.0,1.0,Urban,Y,11146.0,0.01220059208755719,0.37777777777777777
LP001892,Male,No,0,Graduate,No,2833,1857.0,126.0,360.0,1.0,Rural,Y,4690.0,0.026859944574717545,0.35
LP001894,Male,Yes,0,Graduate,No,2620,2223.0,150.0,360.0,1.0,Semiurban,Y,4843.0,0.030966143682906688,0.4166666666666667
LP001896,Male,Yes,2,Graduate,No,3900,0.0,90.0,360.0,1.0,Semiurban,Y,3900.0,0.023071007433991285,0.25
LP001900,Male,Yes,1,Graduate,No,2750,1842.0,115.0,360.0,1.0,Semiurban,Y,4592.0,0.025038101458741562,0.3194444444444444
LP001903,Male,Yes,0,Graduate,No,3993,3274.0,207.0,360.0,1.0,Semiurban,Y,7267.0,0.028481012658227847,0.575
LP001904,Male,Yes,0,Graduate,No,3103,1300.0,80.0,360.0,1.0,Urban,Y,4403.0,0.018165304268846504,0.2222222222222222
LP001907,Male,Yes,0,Graduate,No,14583,0.0,436.0,360.0,1.0,Semiurban,Y,14583.0,0.029895776193088315,1.211111111111111
LP001908,Female,Yes,0,Not Graduate,No,4100,0.0,124.0,360.0,1.0,Rural,Y,4100.0,0.03023652767617654,0.34444444444444444
LP001910,Male,No,1,Not Graduate,Yes,4053,2426.0,158.0,360.0,0.0,Urban,N,6479.0,0.024382716049382715,0.4388888888888889
LP001914,Male,Yes,0,Graduate,No,3927,800.0,112.0,360.0,1.0,Semiurban,Y,4727.0,0.023688663282571912,0.3111111111111111
LP001915,Male,Yes,2,Graduate,No,2301,985.7999878,78.0,180.0,1.0,Urban,Y,3286.7999878,0.023724070895259342,0.43333333333333335
LP001917,Female,No,0,Graduate,No,1811,1666.0,54.0,360.0,1.0,Urban,Y,3477.0,0.015526164462334674,0.15
LP001922,Male,Yes,0,Graduate,No,20667,0.0,128.0,360.0,1.0,Rural,N,20667.0,0.0061931488291078,0.35555555555555557
LP001924,Male,No,0,Graduate,No,3158,3053.0,89.0,360.0,1.0,Rural,Y,6211.0,0.014327108821635544,0.24722222222222223
LP001925,Female,No,0,Graduate,Yes,2600,1717.0,99.0,300.0,1.0,Semiurban,N,4317.0,0.022927281148679944,0.33
LP001926,Male,Yes,0,Graduate,No,3704,2000.0,120.0,360.0,1.0,Rural,Y,5704.0,0.021034180543382998,0.3333333333333333
LP001931,Female,No,0,Graduate,No,4124,0.0,115.0,360.0,1.0,Semiurban,Y,4124.0,0.027878787878787878,0.3194444444444444
LP001935,Male,No,0,Graduate,No,9508,0.0,187.0,360.0,1.0,Rural,Y,9508.0,0.019665579976864023,0.5194444444444445
LP001936,Male,Yes,0,Graduate,No,3075,2416.0,139.0,360.0,1.0,Rural,Y,5491.0,0.02530954115076475,0.3861111111111111
LP001938,Male,Yes,2,Graduate,No,4400,0.0,127.0,360.0,0.0,Semiurban,N,4400.0,0.028857077936832537,0.3527777777777778
LP001940,Male,Yes,2,Graduate,No,3153,1560.0,134.0,360.0,1.0,Urban,Y,4713.0,0.028425965210012727,0.37222222222222223
LP001945,Female,No,0,Graduate,No,5417,0.0,143.0,480.0,0.0,Urban,N,5417.0,0.026393503137689185,0.29791666666666666
LP001947,Male,Yes,0,Graduate,No,2383,3334.0,172.0,360.0,1.0,Semiurban,Y,5717.0,0.030080447708989155,0.4777777777777778
LP001949,Male,Yes,3+,Graduate,No,4416,1250.0,110.0,360.0,1.0,Urban,Y,5666.0,0.019410622904535026,0.3055555555555556
LP001953,Male,Yes,1,Graduate,No,6875,0.0,200.0,360.0,1.0,Semiurban,Y,6875.0,0.029086678301337987,0.5555555555555556
LP001954,Female,Yes,1,Graduate,No,4666,0.0,135.0,360.0,1.0,Urban,Y,4666.0,0.028926505249625027,0.375
LP001955,Female,No,0,Graduate,No,5000,2541.0,151.0,480.0,1.0,Rural,N,7541.0,0.02002121453195439,0.3145833333333333
LP001963,Male,Yes,1,Graduate,No,2014,2925.0,113.0,360.0,1.0,Urban,N,4939.0,0.022874493927125508,0.3138888888888889
LP001964,Male,Yes,0,Not Graduate,No,1800,2934.0,93.0,360.0,0.0,Urban,N,4734.0,0.019640971488912355,0.25833333333333336
LP001972,Male,Yes,0,Not Graduate,No,2875,1750.0,105.0,360.0,1.0,Semiurban,Y,4625.0,0.022697795071335927,0.2916666666666667
LP001974,Female,No,0,Graduate,No,5000,0.0,132.0,360.0,1.0,Rural,Y,5000.0,0.026394721055788842,0.36666666666666664
LP001977,Male,Yes,1,Graduate,No,1625,1803.0,96.0,360.0,1.0,Urban,Y,3428.0,0.02799650043744532,0.26666666666666666
LP001978,Male,No,0,Graduate,No,4000,2500.0,140.0,360.0,1.0,Rural,Y,6500.0,0.02153514843870174,0.3888888888888889
LP001990,Male,No,0,Not Graduate,No,2000,0.0,128.0,360.0,1.0,Urban,N,2000.0,0.063968015992004,0.35555555555555557
LP001993,Female,No,0,Graduate,No,3762,1666.0,135.0,360.0,1.0,Rural,Y,5428.0,0.024866457911217537,0.375
LP001994,Female,No,0,Graduate,No,2400,1863.0,104.0,360.0,0.0,Urban,N,4263.0,0.024390243902439025,0.28888888888888886
LP001996,Male,No,0,Graduate,No,20233,0.0,480.0,360.0,1.0,Rural,N,20233.0,0.023722447365819906,1.3333333333333333
LP001998,Male,Yes,2,Not Graduate,No,7667,0.0,185.0,360.0,1.0,Rural,Y,7667.0,0.02412623891497131,0.5138888888888888
LP002002,Female,No,0,Graduate,No,2917,0.0,84.0,360.0,1.0,Semiurban,Y,2917.0,0.02878684030157642,0.23333333333333334
LP002004,Male,No,0,Not Graduate,No,2927,2405.0,111.0,360.0,1.0,Semiurban,Y,5332.0,0.02081380086255391,0.30833333333333335
LP002006,Female,No,0,Graduate,No,2507,0.0,56.0,360.0,1.0,Rural,Y,2507.0,0.022328548644338118,0.15555555555555556
LP002008,Male,Yes,2,Graduate,Yes,5746,0.0,144.0,84.0,1.0,Rural,Y,5746.0,0.02505655124412737,1.7142857142857142
LP002024,Male,Yes,0,Graduate,No,2473,1843.0,159.0,360.0,1.0,Rural,N,4316.0,0.03683113273106324,0.44166666666666665
LP002031,Male,Yes,1,Not Graduate,No,3399,1640.0,111.0,180.0,1.0,Urban,Y,5039.0,0.022023809523809525,0.6166666666666667
LP002035,Male,Yes,2,Graduate,No,3717,0.0,120.0,360.0,1.0,Semiurban,Y,3717.0,0.0322754168908015,0.3333333333333333
LP002036,Male,Yes,0,Graduate,No,2058,2134.0,88.0,360.0,1.0,Urban,Y,4192.0,0.020987359885523492,0.24444444444444444
LP002043,Female,No,1,Graduate,No,3541,0.0,112.0,360.0,1.0,Semiurban,Y,3541.0,0.03162055335968379,0.3111111111111111
LP002050,Male,Yes,1,Graduate,Yes,10000,0.0,155.0,360.0,1.0,Rural,N,10000.0,0.015498450154984501,0.4305555555555556
LP002051,Male,Yes,0,Graduate,No,2400,2167.0,115.0,360.0,1.0,Semiurban,Y,4567.0,0.025175131348511383,0.3194444444444444
LP002053,Male,Yes,3+,Graduate,No,4342,189.0,124.0,360.0,1.0,Semiurban,Y,4531.0,0.02736098852603707,0.34444444444444444
LP002054,Male,Yes,2,Not Graduate,No,3601,1590.0,128.0,360.0,1.0,Rural,Y,5191.0,0.02465331278890601,0.35555555555555557
LP002055,Female,No,0,Graduate,No,3166,2985.0,132.0,360.0,1.0,Rural,Y,6151.0,0.021456436931079324,0.36666666666666664
LP002065,Male,Yes,3+,Graduate,No,15000,0.0,300.0,360.0,1.0,Rural,Y,15000.0,0.01999866675554963,0.8333333333333334
LP002067,Male,Yes,1,Graduate,Yes,8666,4983.0,376.0,360.0,0.0,Rural,N,13649.0,0.027545787545787546,1.0444444444444445
LP002068,Male,No,0,Graduate,No,4917,0.0,130.0,360.0,0.0,Rural,Y,4917.0,0.026433509556730378,0.3611111111111111
LP002082,Male,Yes,0,Graduate,Yes,5818,2160.0,184.0,360.0,1.0,Semiurban,Y,7978.0,0.023060533901491414,0.5111111111111111
LP002086,Female,Yes,0,Graduate,No,4333,2451.0,110.0,360.0,1.0,Urban,N,6784.0,0.016212232866617538,0.3055555555555556
LP002087,Female,No,0,Graduate,No,2500,0.0,67.0,360.0,1.0,Urban,Y,2500.0,0.026789284286285485,0.18611111111111112
LP002097,Male,No,1,Graduate,No,4384,1793.0,117.0,360.0,1.0,Urban,Y,6177.0,0.018938167691809647,0.325
LP002098,Male,No,0,Graduate,No,2935,0.0,98.0,360.0,1.0,Semiurban,Y,2935.0,0.03337874659400545,0.2722222222222222
LP002100,Male,No,0,Graduate,No,2833,0.0,71.0,360.0,1.0,Urban,Y,2833.0,0.025052928722653495,0.19722222222222222
LP002101,Male,Yes,0,Graduate,No,63337,0.0,490.0,180.0,1.0,Urban,Y,63337.0,0.007736272064163693,2.7222222222222223
LP002103,Male,Yes,1,Graduate,Yes,9833,1833.0,182.0,180.0,1.0,Urban,Y,11666.0,0.015599554298448616,1.011111111111111
LP002106,Male,Yes,0,Graduate,Yes,5503,4490.0,70.0,360.0,1.0,Semiurban,Y,9993.0,0.007004202521512908,0.19444444444444445
LP002110,Male,Yes,1,Graduate,No,5250,688.0,160.0,360.0,1.0,Rural,Y,5938.0,0.02694056238423977,0.4444444444444444
LP002112,Male,Yes,2,Graduate,Yes,2500,4600.0,176.0,360.0,1.0,Rural,Y,7100.0,0.024785241515279537,0.4888888888888889
LP002113,Female,No,3+,Not Graduate,No,1830,0.0,128.0,360.0,0.0,Urban,N,1830.0,0.06990715456034953,0.35555555555555557
LP002114,Female,No,0,Graduate,No,4160,0.0,71.0,360.0,1.0,Semiurban,Y,4160.0,0.017063205960105743,0.19722222222222222
LP002115,Male,Yes,3+,Not Graduate,No,2647,1587.0,173.0,360.0,1.0,Rural,N,4234.0,0.04085005903187721,0.48055555555555557
LP002116,Female,No,0,Graduate,No,2378,0.0,46.0,360.0,1.0,Rural,N,2378.0,0.019335855401429174,0.12777777777777777
LP002119,Male,Yes,1,Not Graduate,No,4554,1229.0,158.0,360.0,1.0,Urban,Y,5783.0,0.02731673582295989,0.4388888888888889
LP002126,Male,Yes,3+,Not Graduate,No,3173,0.0,74.0,360.0,1.0,Semiurban,Y,3173.0,0.023314429741650915,0.20555555555555555
LP002128,Male,Yes,2,Graduate,No,2583,2330.0,125.0,360.0,1.0,Rural,Y,4913.0,0.02543752543752544,0.3472222222222222
LP002129,Male,Yes,0,Graduate,No,2499,2458.0,160.0,360.0,1.0,Semiurban,Y,4957.0,0.03227107704719645,0.4444444444444444
LP002130,Male,Yes,0,Not Graduate,No,3523,3230.0,152.0,360.0,0.0,Rural,N,6753.0,0.022505182114302635,0.4222222222222222
LP002131,Male,Yes,2,Not Graduate,No,3083,2168.0,126.0,360.0,1.0,Urban,Y,5251.0,0.02399086062452399,0.35
LP002137,Male,Yes,0,Graduate,No,6333,4583.0,259.0,360.0,1.0,Semiurban,Y,10916.0,0.023724466428506,0.7194444444444444
LP002138,Male,Yes,0,Graduate,No,2625,6250.0,187.0,360.0,1.0,Rural,Y,8875.0,0.02106804867057233,0.5194444444444445
LP002139,Male,Yes,0,Graduate,No,9083,0.0,228.0,360.0,1.0,Semiurban,Y,9083.0,0.02509907529722589,0.6333333333333333
LP002140,Male,No,0,Graduate,No,8750,4167.0,308.0,360.0,1.0,Rural,N,12917.0,0.02384270010837591,0.8555555555555555
LP002141,Male,Yes,3+,Graduate,No,2666,2083.0,95.0,360.0,1.0,Rural,Y,4749.0,0.02,0.2638888888888889
LP002142,Female,Yes,0,Graduate,Yes,5500,0.0,105.0,360.0,0.0,Rural,N,5500.0,0.019087438647518634,0.2916666666666667
LP002143,Female,Yes,0,Graduate,No,2423,505.0,130.0,360.0,1.0,Semiurban,Y,2928.0,0.04438374871969956,0.3611111111111111
LP002144,Female,No,0,Graduate,No,3813,0.0,116.0,180.0,1.0,Urban,Y,3813.0,0.030414263240692185,0.6444444444444445
LP002149,Male,Yes,2,Graduate,No,8333,3167.0,165.0,360.0,1.0,Rural,Y,11500.0,0.014346578558386227,0.4583333333333333
LP002151,Male,Yes,1,Graduate,No,3875,0.0,67.0,360.0,1.0,Urban,N,3875.0,0.017285861713106296,0.18611111111111112
LP002158,Male,Yes,0,Not Graduate,No,3000,1666.0,100.0,480.0,0.0,Urban,N,4666.0,0.021427040925648167,0.20833333333333334
LP002160,Male,Yes,3+,Graduate,No,5167,3167.0,200.0,360.0,1.0,Semiurban,Y,8334.0,0.02399520095980804,0.5555555555555556
LP002161,Female,No,1,Graduate,No,4723,0.0,81.0,360.0,1.0,Semiurban,N,4723.0,0.01714648602878916,0.225
LP002170,Male,Yes,2,Graduate,No,5000,3667.0,236.0,360.0,1.0,Semiurban,Y,8667.0,0.02722658052607291,0.6555555555555556
LP002175,Male,Yes,0,Graduate,No,4750,2333.0,130.0,360.0,1.0,Urban,Y,7083.0,0.018351214003387916,0.3611111111111111
LP002178,Male,Yes,0,Graduate,No,3013,3033.0,95.0,300.0,1.0,Urban,Y,6046.0,0.015710269555151316,0.31666666666666665
LP002180,Male,No,0,Graduate,Yes,6822,0.0,141.0,360.0,1.0,Rural,Y,6822.0,0.020665396453173092,0.39166666666666666
LP002181,Male,No,0,Not Graduate,No,6216,0.0,133.0,360.0,1.0,Rural,N,6216.0,0.021392954801351134,0.36944444444444446
LP002187,Male,No,0,Graduate,No,2500,0.0,96.0,480.0,1.0,Semiurban,N,2500.0,0.03838464614154338,0.2
LP002188,Male,No,0,Graduate,No,5124,0.0,124.0,360.0,0.0,Rural,N,5124.0,0.024195121951219513,0.34444444444444444
LP002190,Male,Yes,1,Graduate,No,6325,0.0,175.0,360.0,1.0,Semiurban,Y,6325.0,0.027663610496364212,0.4861111111111111
LP002191,Male,Yes,0,Graduate,No,19730,5266.0,570.0,360.0,1.0,Rural,N,24996.0,0.022802736328359403,1.5833333333333333
LP002194,Female,No,0,Graduate,Yes,15759,0.0,55.0,360.0,1.0,Semiurban,Y,15759.0,0.0034898477157360407,0.1527777777777778
LP002197,Male,Yes,2,Graduate,No,5185,0.0,155.0,360.0,1.0,Semiurban,Y,5185.0,0.029888160431932126,0.4305555555555556
LP002201,Male,Yes,2,Graduate,Yes,9323,7873.0,380.0,300.0,1.0,Rural,Y,17196.0,0.02209687736233064,1.2666666666666666
LP002205,Male,No,1,Graduate,No,3062,1987.0,111.0,180.0,0.0,Urban,N,5049.0,0.02198019801980198,0.6166666666666667
LP002209,Female,No,0,Graduate,No,2764,1459.0,110.0,360.0,1.0,Urban,Y,4223.0,0.026041666666666668,0.3055555555555556
LP002211,Male,Yes,0,Graduate,No,4817,923.0,120.0,180.0,1.0,Urban,Y,5740.0,0.020902281832433374,0.6666666666666666
LP002219,Male,Yes,3+,Graduate,No,8750,4996.0,130.0,360.0,1.0,Rural,Y,13746.0,0.009456608714628646,0.3611111111111111
LP002223,Male,Yes,0,Graduate,No,4310,0.0,130.0,360.0,1.0,Semiurban,Y,4310.0,0.03015541637671074,0.3611111111111111
LP002224,Male,No,0,Graduate,No,3069,0.0,71.0,480.0,1.0,Urban,N,3069.0,0.023127035830618894,0.14791666666666667
LP002225,Male,Yes,2,Graduate,No,5391,0.0,130.0,360.0,1.0,Urban,Y,5391.0,0.02410979228486647,0.3611111111111111
LP002226,Male,Yes,0,Graduate,No,3333,2500.0,128.0,360.0,1.0,Semiurban,Y,5833.0,0.021940349674322936,0.35555555555555557
LP002229,Male,No,0,Graduate,No,5941,4232.0,296.0,360.0,1.0,Semiurban,Y,10173.0,0.029093768429329665,0.8222222222222222
LP002231,Female,No,0,Graduate,No,6000,0.0,156.0,360.0,1.0,Urban,Y,6000.0,0.02599566738876854,0.43333333333333335
LP002234,Male,No,0,Graduate,Yes,7167,0.0,128.0,360.0,1.0,Urban,Y,7167.0,0.017857142857142856,0.35555555555555557
LP002236,Male,Yes,2,Graduate,No,4566,0.0,100.0,360.0,1.0,Urban,N,4566.0,0.02189621195533173,0.2777777777777778
LP002237,Male,No,1,Graduate,No,3667,0.0,113.0,180.0,1.0,Urban,Y,3667.0,0.030806979280261722,0.6277777777777778
LP002239,Male,No,0,Not Graduate,No,2346,1600.0,132.0,360.0,1.0,Semiurban,Y,3946.0,0.03344312135799341,0.36666666666666664
LP002243,Male,Yes,0,Not Graduate,No,3010,3136.0,128.0,360.0,0.0,Urban,N,6146.0,0.020823165771921264,0.35555555555555557
LP002244,Male,Yes,0,Graduate,No,2333,2417.0,136.0,360.0,1.0,Urban,Y,4750.0,0.028625552515259944,0.37777777777777777
LP002250,Male,Yes,0,Graduate,No,5488,0.0,125.0,360.0,1.0,Rural,Y,5488.0,0.02277281836400073,0.3472222222222222
LP002255,Male,No,3+,Graduate,No,9167,0.0,185.0,360.0,1.0,Rural,Y,9167.0,0.02017888307155323,0.5138888888888888
LP002262,Male,Yes,3+,Graduate,No,9504,0.0,275.0,360.0,1.0,Rural,Y,9504.0,0.028932140978432403,0.7638888888888888
LP002263,Male,Yes,0,Graduate,No,2583,2115.0,120.0,360.0,1.0,Urban,Y,4698.0,0.02553734837199404,0.3333333333333333
LP002265,Male,Yes,2,Not Graduate,No,1993,1625.0,113.0,180.0,1.0,Semiurban,Y,3618.0,0.031224095053882288,0.6277777777777778
LP002266,Male,Yes,2,Graduate,No,3100,1400.0,113.0,360.0,1.0,Urban,Y,4500.0,0.025105532103976893,0.3138888888888889
LP002272,Male,Yes,2,Graduate,No,3276,484.0,135.0,360.0,1.0,Semiurban,Y,3760.0,0.035894708854028186,0.375
LP002277,Female,No,0,Graduate,No,3180,0.0,71.0,360.0,0.0,Urban,N,3180.0,0.022320025149324112,0.19722222222222222
LP002281,Male,Yes,0,Graduate,No,3033,1459.0,95.0,360.0,1.0,Urban,Y,4492.0,0.021144001780547518,0.2638888888888889
LP002284,Male,No,0,Not Graduate,No,3902,1666.0,109.0,360.0,1.0,Rural,Y,5568.0,0.019572634225175075,0.30277777777777776
LP002287,Female,No,0,Graduate,No,1500,1800.0,103.0,360.0,0.0,Semiurban,N,3300.0,0.031202665858830657,0.2861111111111111
LP002288,Male,Yes,2,Not Graduate,No,2889,0.0,45.0,180.0,0.0,Urban,N,2889.0,0.015570934256055362,0.25
LP002296,Male,No,0,Not Graduate,No,2755,0.0,65.0,300.0,1.0,Rural,N,2755.0,0.02358490566037736,0.21666666666666667
LP002297,Male,No,0,Graduate,No,2500,20000.0,103.0,360.0,1.0,Semiurban,Y,22500.0,0.004577574330029776,0.2861111111111111
LP002300,Female,No,0,Not Graduate,No,1963,0.0,53.0,360.0,1.0,Semiurban,Y,1963.0,0.0269857433808554,0.14722222222222223
LP002301,Female,No,0,Graduate,Yes,7441,0.0,194.0,360.0,1.0,Rural,N,7441.0,0.026068261220102123,0.5388888888888889
LP002305,Female,No,0,Graduate,No,4547,0.0,115.0,360.0,1.0,Semiurban,Y,4547.0,0.0252858399296394,0.3194444444444444
LP002308,Male,Yes,0,Not Graduate,No,2167,2400.0,115.0,360.0,1.0,Urban,Y,4567.0,0.025175131348511383,0.3194444444444444
LP002314,Female,No,0,Not Graduate,No,2213,0.0,66.0,360.0,1.0,Rural,Y,2213.0,0.02981029810298103,0.18333333333333332
LP002315,Male,Yes,1,Graduate,No,8300,0.0,152.0,300.0,0.0,Semiurban,N,8300.0,0.018311046861823877,0.5066666666666667
LP002317,Male,Yes,3+,Graduate,No,81000,0.0,360.0,360.0,0.0,Rural,N,81000.0,0.00444438957543734,1.0
LP002318,Female,No,1,Not Graduate,Yes,3867,0.0,62.0,360.0,1.0,Semiurban,N,3867.0,0.016028955532574975,0.17222222222222222
LP002319,Male,Yes,0,Graduate,No,6256,0.0,160.0,360.0,1.0,Urban,Y,6256.0,0.02557136007671408,0.4444444444444444
LP002328,Male,Yes,0,Not Graduate,No,6096,0.0,218.0,360.0,0.0,Rural,N,6096.0,0.03575528948663277,0.6055555555555555
LP002332,Male,Yes,0,Not Graduate,No,2253,2033.0,110.0,360.0,1.0,Rural,Y,4286.0,0.025658968975973875,0.3055555555555556
LP002335,Female,Yes,0,Not Graduate,No,2149,3237.0,178.0,360.0,0.0,Semiurban,N,5386.0,0.033042509745684054,0.49444444444444446
LP002337,Female,No,0,Graduate,No,2995,0.0,60.0,360.0,1.0,Urban,Y,2995.0,0.020026702269692925,0.16666666666666666
LP002341,Female,No,1,Graduate,No,2600,0.0,160.0,360.0,1.0,Urban,N,2600.0,0.06151480199923107,0.4444444444444444
LP002342,Male,Yes,2,Graduate,Yes,1600,20000.0,239.0,360.0,1.0,Urban,N,21600.0,0.011064302578584324,0.6638888888888889
LP002345,Male,Yes,0,Graduate,No,1025,2773.0,112.0,360.0,1.0,Rural,Y,3798.0,0.029481442484864437,0.3111111111111111
LP002347,Male,Yes,0,Graduate,No,3246,1417.0,138.0,360.0,1.0,Semiurban,Y,4663.0,0.029588336192109776,0.38333333333333336
LP002348,Male,Yes,0,Graduate,No,5829,0.0,138.0,360.0,1.0,Rural,Y,5829.0,0.023670668953687822,0.38333333333333336
LP002357,Female,No,0,Not Graduate,No,2720,0.0,80.0,360.0,0.0,Urban,N,2720.0,0.02940095553105476,0.2222222222222222
LP002361,Male,Yes,0,Graduate,No,1820,1719.0,100.0,360.0,1.0,Urban,Y,3539.0,0.02824858757062147,0.2777777777777778
LP002362,Male,Yes,1,Graduate,No,7250,1667.0,110.0,360.0,0.0,Urban,N,8917.0,0.012334604171338866,0.3055555555555556
LP002364,Male,Yes,0,Graduate,No,14880,0.0,96.0,360.0,1.0,Semiurban,Y,14880.0,0.00645117935622606,0.26666666666666666
LP002366,Male,Yes,0,Graduate,No,2666,4300.0,121.0,360.0,1.0,Rural,Y,6966.0,0.017367590067460886,0.33611111111111114
LP002367,Female,No,1,Not Graduate,No,4606,0.0,81.0,360.0,1.0,Rural,N,4606.0,0.017581940525287606,0.225
LP002368,Male,Yes,2,Graduate,No,5935,0.0,133.0,360.0,1.0,Semiurban,Y,5935.0,0.02240566037735849,0.36944444444444446
LP002369,Male,Yes,0,Graduate,No,2920,16.12000084,87.0,360.0,1.0,Rural,Y,2936.12000084,0.02962085307209732,0.24166666666666667
LP002370,Male,No,0,Not Graduate,No,2717,0.0,60.0,180.0,1.0,Urban,Y,2717.0,0.02207505518763797,0.3333333333333333
LP002377,Female,No,1,Graduate,Yes,8624,0.0,150.0,360.0,1.0,Semiurban,Y,8624.0,0.017391304347826087,0.4166666666666667
LP002379,Male,No,0,Graduate,No,6500,0.0,105.0,360.0,0.0,Rural,N,6500.0,0.016151361329026302,0.2916666666666667
LP002386,Male,No,0,Graduate,No,12876,0.0,405.0,360.0,1.0,Semiurban,Y,12876.0,0.03145142502135591,1.125
LP002387,Male,Yes,0,Graduate,No,2425,2340.0,143.0,360.0,1.0,Semiurban,Y,4765.0,0.03000419639110365,0.3972222222222222
LP002390,Male,No,0,Graduate,No,3750,0.0,100.0,360.0,1.0,Urban,Y,3750.0,0.026659557451346308,0.2777777777777778
LP002393,Female,Yes,0,Graduate,No,10047,0.0,128.0,240.0,1.0,Semiurban,Y,10047.0,0.012738853503184714,0.5333333333333333
LP002398,Male,No,0,Graduate,No,1926,1851.0,50.0,360.0,1.0,Semiurban,Y,3777.0,0.013234515616728428,0.1388888888888889
LP002401,Male,Yes,0,Graduate,No,2213,1125.0,128.0,360.0,1.0,Urban,Y,3338.0,0.03833483078766098,0.35555555555555557
LP002403,Male,No,0,Graduate,Yes,10416,0.0,187.0,360.0,0.0,Urban,N,10416.0,0.01795142555438226,0.5194444444444445
LP002407,Female,Yes,0,Not Graduate,Yes,7142,0.0,138.0,360.0,1.0,Rural,Y,7142.0,0.019319613607727847,0.38333333333333336
LP002408,Male,No,0,Graduate,No,3660,5064.0,187.0,360.0,1.0,Semiurban,Y,8724.0,0.021432664756446992,0.5194444444444445
LP002409,Male,Yes,0,Graduate,No,7901,1833.0,180.0,360.0,1.0,Rural,Y,9734.0,0.01848998459167951,0.5
LP002418,Male,No,3+,Not Graduate,No,4707,1993.0,148.0,360.0,1.0,Semiurban,Y,6700.0,0.022086255782718996,0.4111111111111111
LP002422,Male,No,1,Graduate,No,37719,0.0,152.0,360.0,1.0,Semiurban,Y,37719.0,0.004029692470837752,0.4222222222222222
LP002424,Male,Yes,0,Graduate,No,7333,8333.0,175.0,300.0,1.0,Rural,Y,15666.0,0.011169975106912618,0.5833333333333334
LP002429,Male,Yes,1,Graduate,Yes,3466,1210.0,130.0,360.0,1.0,Rural,Y,4676.0,0.027795595467179815,0.3611111111111111
LP002434,Male,Yes,2,Not Graduate,No,4652,0.0,110.0,360.0,1.0,Rural,Y,4652.0,0.02364066193853428,0.3055555555555556
LP002435,Male,Yes,0,Graduate,No,3539,1376.0,55.0,360.0,1.0,Rural,N,4915.0,0.011187957689178194,0.1527777777777778
LP002443,Male,Yes,2,Graduate,No,3340,1710.0,150.0,360.0,0.0,Rural,N,5050.0,0.02969708968521085,0.4166666666666667
LP002444,Male,No,1,Not Graduate,Yes,2769,1542.0,190.0,360.0,1.0,Semiurban,N,4311.0,0.04406307977736549,0.5277777777777778
LP002446,Male,Yes,2,Not Graduate,No,2309,1255.0,125.0,360.0,0.0,Rural,N,3564.0,0.03506311360448808,0.3472222222222222
LP002447,Male,Yes,2,Not Graduate,No,1958,1456.0,60.0,300.0,1.0,Urban,Y,3414.0,0.017569546120058566,0.2
LP002448,Male,Yes,0,Graduate,No,3948,1733.0,149.0,360.0,0.0,Rural,N,5681.0,0.026223160858852516,0.41388888888888886
LP002449,Male,Yes,0,Graduate,No,2483,2466.0,90.0,180.0,0.0,Rural,Y,4949.0,0.01818181818181818,0.5
LP002453,Male,No,0,Graduate,Yes,7085,0.0,84.0,360.0,1.0,Semiurban,Y,7085.0,0.011854360711261643,0.23333333333333334
LP002455,Male,Yes,2,Graduate,No,3859,0.0,96.0,360.0,1.0,Semiurban,Y,3859.0,0.024870466321243522,0.26666666666666666
LP002459,Male,Yes,0,Graduate,No,4301,0.0,118.0,360.0,1.0,Urban,Y,4301.0,0.027429102742910275,0.3277777777777778
LP002467,Male,Yes,0,Graduate,No,3708,2569.0,173.0,360.0,1.0,Urban,N,6277.0,0.027556546670914304,0.48055555555555557
LP002472,Male,No,2,Graduate,No,4354,0.0,136.0,360.0,1.0,Rural,Y,4354.0,0.031228473019517797,0.37777777777777777
LP002473,Male,Yes,0,Graduate,No,8334,0.0,160.0,360.0,1.0,Semiurban,N,8334.0,0.01919616076784643,0.4444444444444444
LP002478,Male,Yes,0,Graduate,Yes,2083,4083.0,160.0,360.0,1.0,Semiurban,Y,6166.0,0.025944543538187124,0.4444444444444444
LP002484,Male,Yes,3+,Graduate,No,7740,0.0,128.0,180.0,1.0,Urban,Y,7740.0,0.016535331352538433,0.7111111111111111
LP002487,Male,Yes,0,Graduate,No,3015,2188.0,153.0,360.0,1.0,Rural,Y,5203.0,0.029400461183704842,0.425
LP002489,Female,No,1,Not Graduate,No,5191,0.0,132.0,360.0,1.0,Semiurban,Y,5191.0,0.025423728813559324,0.36666666666666664
LP002493,Male,No,0,Graduate,No,4166,0.0,98.0,360.0,0.0,Semiurban,N,4166.0,0.02351811855051596,0.2722222222222222
LP002494,Male,No,0,Graduate,No,6000,0.0,140.0,360.0,1.0,Rural,Y,6000.0,0.023329445092484587,0.3888888888888889
LP002500,Male,Yes,3+,Not Graduate,No,2947,1664.0,70.0,180.0,0.0,Urban,N,4611.0,0.015177797051170859,0.3888888888888889
LP002501,Male,Yes,0,Graduate,No,16692,0.0,110.0,360.0,1.0,Semiurban,Y,16692.0,0.006589588450248607,0.3055555555555556
LP002502,Female,Yes,2,Not Graduate,No,210,2917.0,98.0,360.0,1.0,Semiurban,Y,3127.0,0.03132992327365729,0.2722222222222222
LP002505,Male,Yes,0,Graduate,No,4333,2451.0,110.0,360.0,1.0,Urban,N,6784.0,0.016212232866617538,0.3055555555555556
LP002515,Male,Yes,1,Graduate,Yes,3450,2079.0,162.0,360.0,1.0,Semiurban,Y,5529.0,0.029294755877034357,0.45
LP002517,Male,Yes,1,Not Graduate,No,2653,1500.0,113.0,180.0,0.0,Rural,N,4153.0,0.02720269619643717,0.6277777777777778
LP002519,Male,Yes,3+,Graduate,No,4691,0.0,100.0,360.0,1.0,Semiurban,Y,4691.0,0.021312872975277068,0.2777777777777778
LP002522,Female,No,0,Graduate,Yes,2500,0.0,93.0,360.0,1.0,Urban,Y,2500.0,0.03718512594962015,0.25833333333333336
LP002524,Male,No,2,Graduate,No,5532,4648.0,162.0,360.0,1.0,Rural,Y,10180.0,0.015911992928003143,0.45
LP002527,Male,Yes,2,Graduate,Yes,16525,1014.0,150.0,360.0,1.0,Rural,Y,17539.0,0.00855188141391106,0.4166666666666667
LP002529,Male,Yes,2,Graduate,No,6700,1750.0,230.0,300.0,1.0,Semiurban,Y,8450.0,0.027215714116672583,0.7666666666666667
LP002530,Male,Yes,2,Graduate,No,2873,1872.0,132.0,360.0,0.0,Semiurban,N,4745.0,0.02781289506953224,0.36666666666666664
LP002531,Male,Yes,1,Graduate,Yes,16667,2250.0,86.0,360.0,1.0,Semiurban,Y,18917.0,0.004545935088275717,0.2388888888888889
LP002533,Male,Yes,2,Graduate,No,2947,1603.0,128.0,360.0,1.0,Urban,N,4550.0,0.02812568666227203,0.35555555555555557
LP002534,Female,No,0,Not Graduate,No,4350,0.0,154.0,360.0,1.0,Rural,Y,4350.0,0.03539416226154907,0.42777777777777776
LP002536,Male,Yes,3+,Not Graduate,No,3095,0.0,113.0,360.0,1.0,Rural,Y,3095.0,0.03649870801033592,0.3138888888888889
LP002537,Male,Yes,0,Graduate,No,2083,3150.0,128.0,360.0,1.0,Semiurban,Y,5233.0,0.02445548337791364,0.35555555555555557
LP002541,Male,Yes,0,Graduate,No,10833,0.0,234.0,360.0,1.0,Semiurban,Y,10833.0,0.021598670851024553,0.65
LP002543,Male,Yes,2,Graduate,No,8333,0.0,246.0,360.0,1.0,Semiurban,Y,8333.0,0.029517638588912886,0.6833333333333333
LP002544,Male,Yes,1,Not Graduate,No,1958,2436.0,131.0,360.0,1.0,Rural,Y,4394.0,0.029806598407281,0.3638888888888889
LP002545,Male,No,2,Graduate,No,3547,0.0,80.0,360.0,0.0,Rural,N,3547.0,0.02254791431792559,0.2222222222222222
LP002547,Male,Yes,1,Graduate,No,18333,0.0,500.0,360.0,1.0,Urban,N,18333.0,0.027271735573251882,1.3888888888888888
LP002555,Male,Yes,2,Graduate,Yes,4583,2083.0,160.0,360.0,1.0,Semiurban,Y,6666.0,0.023998800059997,0.4444444444444444
LP002556,Male,No,0,Graduate,No,2435,0.0,75.0,360.0,1.0,Urban,N,2435.0,0.03078817733990148,0.20833333333333334
LP002560,Male,No,0,Not Graduate,No,2699,2785.0,96.0,360.0,1.0,Semiurban,Y,5484.0,0.017502278942570646,0.26666666666666666
LP002562,Male,Yes,1,Not Graduate,No,5333,1131.0,186.0,360.0,1.0,Urban,Y,6464.0,0.02877030162412993,0.5166666666666667
LP002571,Male,No,0,Not Graduate,No,3691,0.0,110.0,360.0,1.0,Rural,Y,3691.0,0.029794149512459372,0.3055555555555556
LP002582,Female,No,0,Not Graduate,Yes,17263,0.0,225.0,360.0,1.0,Semiurban,Y,17263.0,0.013032900834105653,0.625
LP002585,Male,Yes,0,Graduate,No,3597,2157.0,119.0,360.0,0.0,Rural,N,5754.0,0.020677671589921807,0.33055555555555555
LP002586,Female,Yes,1,Graduate,No,3326,913.0,105.0,84.0,1.0,Semiurban,Y,4239.0,0.024764150943396228,1.25
LP002587,Male,Yes,0,Not Graduate,No,2600,1700.0,107.0,360.0,1.0,Rural,Y,4300.0,0.02487793536386887,0.2972222222222222
LP002588,Male,Yes,0,Graduate,No,4625,2857.0,111.0,12.0,1.0,Urban,Y,7482.0,0.014833622878524655,9.25
LP002600,Male,Yes,1,Graduate,Yes,2895,0.0,95.0,360.0,1.0,Semiurban,Y,2895.0,0.03280386740331492,0.2638888888888889
LP002602,Male,No,0,Graduate,No,6283,4416.0,209.0,360.0,0.0,Rural,N,10699.0,0.01953271028037383,0.5805555555555556
LP002603,Female,No,0,Graduate,No,645,3683.0,113.0,480.0,1.0,Rural,Y,4328.0,0.026103026103026103,0.23541666666666666
LP002606,Female,No,0,Graduate,No,3159,0.0,100.0,360.0,1.0,Semiurban,Y,3159.0,0.03164556962025317,0.2777777777777778
LP002615,Male,Yes,2,Graduate,No,4865,5624.0,208.0,360.0,1.0,Semiurban,Y,10489.0,0.01982840800762631,0.5777777777777777
LP002618,Male,Yes,1,Not Graduate,No,4050,5302.0,138.0,360.0,1.0,Rural,N,9352.0,0.014754624184753555,0.38333333333333336
LP002619,Male,Yes,0,Not Graduate,No,3814,1483.0,124.0,300.0,1.0,Semiurban,Y,5297.0,0.023405058512646282,0.41333333333333333
LP002622,Male,Yes,2,Graduate,No,3510,4416.0,243.0,360.0,1.0,Rural,Y,7926.0,0.03065472435978302,0.675
LP002624,Male,Yes,0,Graduate,No,20833,6667.0,480.0,360.0,1.0,Urban,Y,27500.0,0.017453910766881204,1.3333333333333333
LP002625,Male,No,0,Graduate,No,3583,0.0,96.0,360.0,1.0,Urban,N,3583.0,0.026785714285714284,0.26666666666666666
LP002626,Male,Yes,0,Graduate,Yes,2479,3013.0,188.0,360.0,1.0,Urban,Y,5492.0,0.03422537775350446,0.5222222222222223
LP002634,Female,No,1,Graduate,No,13262,0.0,40.0,360.0,1.0,Urban,Y,13262.0,0.0030159089195506295,0.1111111111111111
LP002637,Male,No,0,Not Graduate,No,3598,1287.0,100.0,360.0,1.0,Rural,N,4885.0,0.020466639377814164,0.2777777777777778
LP002640,Male,Yes,1,Graduate,No,6065,2004.0,250.0,360.0,1.0,Semiurban,Y,8069.0,0.030978934324659233,0.6944444444444444
LP002643,Male,Yes,2,Graduate,No,3283,2035.0,148.0,360.0,1.0,Urban,Y,5318.0,0.027824779093814627,0.4111111111111111
LP002648,Male,Yes,0,Graduate,No,2130,6666.0,70.0,180.0,1.0,Semiurban,N,8796.0,0.00795725815618961,0.3888888888888889
LP002652,Male,No,0,Graduate,No,5815,3666.0,311.0,360.0,1.0,Rural,N,9481.0,0.032798987555368066,0.8638888888888889
LP002659,Male,Yes,3+,Graduate,No,3466,3428.0,150.0,360.0,1.0,Rural,Y,6894.0,0.021754894851341553,0.4166666666666667
LP002670,Female,Yes,2,Graduate,No,2031,1632.0,113.0,480.0,1.0,Semiurban,Y,3663.0,0.03084061135371179,0.23541666666666666
LP002682,Male,Yes,0,Not Graduate,No,3074,1800.0,123.0,360.0,0.0,Semiurban,N,4874.0,0.02523076923076923,0.3416666666666667
LP002683,Male,No,0,Graduate,No,4683,1915.0,185.0,360.0,1.0,Semiurban,N,6598.0,0.028034550689498408,0.5138888888888888
LP002684,Female,No,0,Not Graduate,No,3400,0.0,95.0,360.0,1.0,Rural,N,3400.0,0.027932960893854747,0.2638888888888889
LP002689,Male,Yes,2,Not Graduate,No,2192,1742.0,45.0,360.0,1.0,Semiurban,Y,3934.0,0.011435832274459974,0.125
LP002690,Male,No,0,Graduate,No,2500,0.0,55.0,360.0,1.0,Semiurban,Y,2500.0,0.021991203518592562,0.1527777777777778
LP002692,Male,Yes,3+,Graduate,Yes,5677,1424.0,100.0,360.0,1.0,Rural,Y,7101.0,0.014080540692762602,0.2777777777777778
LP002693,Male,Yes,2,Graduate,Yes,7948,7166.0,480.0,360.0,1.0,Rural,Y,15114.0,0.03175653324512074,1.3333333333333333
LP002697,Male,No,0,Graduate,No,4680,2087.0,128.0,360.0,1.0,Semiurban,N,6767.0,0.018912529550827423,0.35555555555555557
LP002699,Male,Yes,2,Graduate,Yes,17500,0.0,400.0,360.0,1.0,Rural,Y,17500.0,0.02285583680932518,1.1111111111111112
LP002705,Male,Yes,0,Graduate,No,3775,0.0,110.0,360.0,1.0,Semiurban,Y,3775.0,0.02913135593220339,0.3055555555555556
LP002706,Male,Yes,1,Not Graduate,No,5285,1430.0,161.0,360.0,0.0,Semiurban,Y,6715.0,0.023972602739726026,0.44722222222222224
LP002714,Male,No,1,Not Graduate,No,2679,1302.0,94.0,360.0,1.0,Semiurban,Y,3981.0,0.023606228026117528,0.2611111111111111
LP002716,Male,No,0,Not Graduate,No,6783,0.0,130.0,360.0,1.0,Semiurban,Y,6783.0,0.019162735849056603,0.3611111111111111
LP002717,Male,Yes,0,Graduate,No,1025,5500.0,216.0,360.0,1.0,Rural,Y,6525.0,0.0330983757278578,0.6
LP002720,Male,Yes,3+,Graduate,No,4281,0.0,100.0,360.0,1.0,Urban,Y,4281.0,0.023353573096683792,0.2777777777777778
LP002723,Male,No,2,Graduate,No,3588,0.0,110.0,360.0,0.0,Rural,N,3588.0,0.030649205906937867,0.3055555555555556
LP002729,Male,No,1,Graduate,No,11250,0.0,196.0,360.0,1.0,Semiurban,N,11250.0,0.017420673717891744,0.5444444444444444
LP002731,Female,No,0,Not Graduate,Yes,18165,0.0,125.0,360.0,1.0,Urban,Y,18165.0,0.00688098645821865,0.3472222222222222
LP002732,Male,No,0,Not Graduate,No,2550,2042.0,126.0,360.0,1.0,Rural,Y,4592.0,0.027433050293925537,0.35
LP002734,Male,Yes,0,Graduate,No,6133,3906.0,324.0,360.0,1.0,Urban,Y,10039.0,0.03227091633466136,0.9
LP002738,Male,No,2,Graduate,No,3617,0.0,107.0,360.0,1.0,Semiurban,Y,3617.0,0.02957435046987286,0.2972222222222222
LP002739,Male,Yes,0,Not Graduate,No,2917,536.0,66.0,360.0,1.0,Rural,N,3453.0,0.01910828025477707,0.18333333333333332
LP002740,Male,Yes,3+,Graduate,No,6417,0.0,157.0,180.0,1.0,Rural,Y,6417.0,0.024462449361171704,0.8722222222222222
LP002741,Female,Yes,1,Graduate,No,4608,2845.0,140.0,180.0,1.0,Semiurban,Y,7453.0,0.018781862087469816,0.7777777777777778
LP002743,Female,No,0,Graduate,No,2138,0.0,99.0,360.0,0.0,Semiurban,N,2138.0,0.04628330995792426,0.275
LP002753,Female,No,1,Graduate,No,3652,0.0,95.0,360.0,1.0,Semiurban,Y,3652.0,0.026006022447303587,0.2638888888888889
LP002755,Male,Yes,1,Not Graduate,No,2239,2524.0,128.0,360.0,1.0,Urban,Y,4763.0,0.02686817800167926,0.35555555555555557
LP002757,Female,Yes,0,Not Graduate,No,3017,663.0,102.0,360.0,1.0,Semiurban,Y,3680.0,0.027709861450692746,0.2833333333333333
LP002767,Male,Yes,0,Graduate,No,2768,1950.0,155.0,360.0,1.0,Rural,Y,4718.0,0.03284594193685103,0.4305555555555556
LP002768,Male,No,0,Not Graduate,No,3358,0.0,80.0,36.0,1.0,Semiurban,N,3358.0,0.023816612086930634,2.2222222222222223
LP002772,Male,No,0,Graduate,No,2526,1783.0,145.0,360.0,1.0,Rural,Y,4309.0,0.033642691415313224,0.4027777777777778
LP002776,Female,No,0,Graduate,No,5000,0.0,103.0,360.0,0.0,Semiurban,N,5000.0,0.020595880823835233,0.2861111111111111
LP002777,Male,Yes,0,Graduate,No,2785,2016.0,110.0,360.0,1.0,Rural,Y,4801.0,0.022907122032486463,0.3055555555555556
LP002778,Male,Yes,2,Graduate,Yes,6633,0.0,128.0,360.0,0.0,Rural,N,6633.0,0.01929454326198372,0.35555555555555557
LP002784,Male,Yes,1,Not Graduate,No,2492,2375.0,128.0,360.0,1.0,Rural,Y,4867.0,0.02629416598192276,0.35555555555555557
LP002785,Male,Yes,1,Graduate,No,3333,3250.0,158.0,360.0,1.0,Urban,Y,6583.0,0.02399756986634265,0.4388888888888889
LP002788,Male,Yes,0,Not Graduate,No,2454,2333.0,181.0,360.0,0.0,Urban,N,4787.0,0.03780284043441938,0.5027777777777778
LP002789,Male,Yes,0,Graduate,No,3593,4266.0,132.0,180.0,0.0,Rural,N,7859.0,0.016793893129770993,0.7333333333333333
LP002792,Male,Yes,1,Graduate,No,5468,1032.0,26.0,360.0,1.0,Semiurban,Y,6500.0,0.003999384710044608,0.07222222222222222
LP002794,Female,No,0,Graduate,No,2667,1625.0,84.0,360.0,1.0,Urban,Y,4292.0,0.019566736547868623,0.23333333333333334
LP002795,Male,Yes,3+,Graduate,Yes,10139,0.0,260.0,360.0,1.0,Semiurban,Y,10139.0,0.02564102564102564,0.7222222222222222
LP002798,Male,Yes,0,Graduate,No,3887,2669.0,162.0,360.0,1.0,Semiurban,Y,6556.0,0.024706420619185602,0.45
LP002804,Female,Yes,0,Graduate,No,4180,2306.0,182.0,360.0,1.0,Semiurban,Y,6486.0,0.028056112224448898,0.5055555555555555
LP002807,Male,Yes,2,Not Graduate,No,3675,242.0,108.0,360.0,1.0,Semiurban,Y,3917.0,0.027565084226646247,0.3
LP002813,Female,Yes,1,Graduate,Yes,19484,0.0,600.0,360.0,1.0,Semiurban,Y,19484.0,0.030792917628945343,1.6666666666666667
LP002820,Male,Yes,0,Graduate,No,5923,2054.0,211.0,360.0,1.0,Rural,Y,7977.0,0.026447731260967663,0.5861111111111111
LP002821,Male,No,0,Not Graduate,Yes,5800,0.0,132.0,360.0,1.0,Semiurban,Y,5800.0,0.022754697465954144,0.36666666666666664
LP002832,Male,Yes,2,Graduate,No,8799,0.0,258.0,360.0,0.0,Urban,N,8799.0,0.02931818181818182,0.7166666666666667
LP002833,Male,Yes,0,Not Graduate,No,4467,0.0,120.0,360.0,1.0,Rural,Y,4467.0,0.02685765443151298,0.3333333333333333
LP002836,Male,No,0,Graduate,No,3333,0.0,70.0,360.0,1.0,Urban,Y,3333.0,0.020995800839832032,0.19444444444444445
LP002837,Male,Yes,3+,Graduate,No,3400,2500.0,123.0,360.0,0.0,Rural,N,5900.0,0.020843924758515507,0.3416666666666667
LP002840,Female,No,0,Graduate,No,2378,0.0,9.0,360.0,1.0,Urban,N,2378.0,0.0037831021437578815,0.025
LP002841,Male,Yes,0,Graduate,No,3166,2064.0,104.0,360.0,0.0,Urban,N,5230.0,0.019881475817243355,0.28888888888888886
LP002842,Male,Yes,1,Graduate,No,3417,1750.0,186.0,360.0,1.0,Urban,Y,5167.0,0.035990712074303405,0.5166666666666667
LP002847,Male,Yes,0,Graduate,No,5116,1451.0,165.0,360.0,0.0,Urban,N,6567.0,0.025121802679658953,0.4583333333333333
LP002855,Male,Yes,2,Graduate,No,16666,0.0,275.0,360.0,1.0,Urban,Y,16666.0,0.016499670006599867,0.7638888888888888
LP002862,Male,Yes,2,Not Graduate,No,6125,1625.0,187.0,480.0,1.0,Semiurban,N,7750.0,0.024125919236227585,0.38958333333333334
LP002863,Male,Yes,3+,Graduate,No,6406,0.0,150.0,360.0,1.0,Semiurban,N,6406.0,0.023411893241766818,0.4166666666666667
LP002868,Male,Yes,2,Graduate,No,3159,461.0,108.0,84.0,1.0,Urban,Y,3620.0,0.029826014913007456,1.2857142857142858
LP002872,Male,Yes,0,Graduate,No,3087,2210.0,136.0,360.0,0.0,Semiurban,N,5297.0,0.025670064175160438,0.37777777777777777
LP002874,Male,No,0,Graduate,No,3229,2739.0,110.0,360.0,1.0,Urban,Y,5968.0,0.018428547495392862,0.3055555555555556
LP002877,Male,Yes,1,Graduate,No,1782,2232.0,107.0,360.0,1.0,Rural,Y,4014.0,0.026650062266500622,0.2972222222222222
LP002888,Male,No,0,Graduate,No,3182,2917.0,161.0,360.0,1.0,Urban,Y,6099.0,0.02639344262295082,0.44722222222222224
LP002892,Male,Yes,2,Graduate,No,6540,0.0,205.0,360.0,1.0,Semiurban,Y,6540.0,0.0313407735820211,0.5694444444444444
LP002893,Male,No,0,Graduate,No,1836,33837.0,90.0,360.0,1.0,Urban,N,35673.0,0.0025228457700285922,0.25
LP002894,Female,Yes,0,Graduate,No,3166,0.0,36.0,360.0,1.0,Semiurban,Y,3166.0,0.011367224502683928,0.1
LP002898,Male,Yes,1,Graduate,No,1880,0.0,61.0,360.0,1.0,Rural,N,1880.0,0.03242955874534822,0.16944444444444445
LP002911,Male,Yes,1,Graduate,No,2787,1917.0,146.0,360.0,0.0,Rural,N,4704.0,0.031030818278427207,0.40555555555555556
LP002912,Male,Yes,1,Graduate,No,4283,3000.0,172.0,84.0,1.0,Rural,N,7283.0,0.023613399231191653,2.0476190476190474
LP002916,Male,Yes,0,Graduate,No,2297,1522.0,104.0,360.0,1.0,Urban,Y,3819.0,0.027225130890052355,0.28888888888888886
LP002917,Female,No,0,Not Graduate,No,2165,0.0,70.0,360.0,1.0,Semiurban,Y,2165.0,0.032317636195752536,0.19444444444444445
LP002925,Male,No,0,Graduate,No,4750,0.0,94.0,360.0,1.0,Semiurban,Y,4750.0,0.01978530835613555,0.2611111111111111
LP002926,Male,Yes,2,Graduate,Yes,2726,0.0,106.0,360.0,0.0,Semiurban,N,2726.0,0.03887055372203887,0.29444444444444445
LP002928,Male,Yes,0,Graduate,No,3000,3416.0,56.0,180.0,1.0,Semiurban,Y,6416.0,0.008726819386005922,0.3111111111111111
LP002931,Male,Yes,2,Graduate,Yes,6000,0.0,205.0,240.0,1.0,Semiurban,N,6000.0,0.03416097317113814,0.8541666666666666
LP002933,Male,No,3+,Graduate,Yes,9357,0.0,292.0,360.0,1.0,Semiurban,Y,9357.0,0.031203248557384055,0.8111111111111111
LP002936,Male,Yes,0,Graduate,No,3859,3300.0,142.0,180.0,1.0,Rural,Y,7159.0,0.01983240223463687,0.7888888888888889
LP002938,Male,Yes,0,Graduate,Yes,16120,0.0,260.0,360.0,1.0,Urban,Y,16120.0,0.016128031759816388,0.7222222222222222
LP002940,Male,No,0,Not Graduate,No,3833,0.0,110.0,360.0,1.0,Rural,Y,3833.0,0.028690662493479395,0.3055555555555556
LP002941,Male,Yes,2,Not Graduate,Yes,6383,1000.0,187.0,360.0,1.0,Rural,N,7383.0,0.025325027085590465,0.5194444444444445
LP002943,Male,No,0,Graduate,No,2987,0.0,88.0,360.0,0.0,Semiurban,N,2987.0,0.029451137884872823,0.24444444444444444
LP002945,Male,Yes,0,Graduate,Yes,9963,0.0,180.0,360.0,1.0,Rural,Y,9963.0,0.018065034122842234,0.5
LP002948,Male,Yes,2,Graduate,No,5780,0.0,192.0,360.0,1.0,Urban,Y,5780.0,0.03321224701608718,0.5333333333333333
LP002949,Female,No,3+,Graduate,No,416,41667.0,350.0,180.0,1.0,Urban,N,42083.0,0.0083166999334664,1.9444444444444444
LP002950,Male,Yes,0,Not Graduate,No,2894,2792.0,155.0,360.0,1.0,Rural,Y,5686.0,0.027255143309301916,0.4305555555555556
LP002953,Male,Yes,3+,Graduate,No,5703,0.0,128.0,360.0,1.0,Urban,Y,5703.0,0.02244039270687237,0.35555555555555557
LP002958,Male,No,0,Graduate,No,3676,4301.0,172.0,360.0,1.0,Rural,Y,7977.0,0.021559288042115817,0.4777777777777778
LP002959,Female,Yes,1,Graduate,No,12000,0.0,496.0,360.0,1.0,Semiurban,Y,12000.0,0.04132988917590201,1.3777777777777778
LP002960,Male,Yes,0,Not Graduate,No,2400,3800.0,128.0,180.0,1.0,Urban,N,6200.0,0.02064183196258668,0.7111111111111111
LP002961,Male,Yes,1,Graduate,No,3400,2500.0,173.0,360.0,1.0,Semiurban,Y,5900.0,0.029317064904253516,0.48055555555555557
LP002964,Male,Yes,2,Not Graduate,No,3987,1411.0,157.0,360.0,1.0,Rural,Y,5398.0,0.029079459159103538,0.4361111111111111
LP002974,Male,Yes,0,Graduate,No,3232,1950.0,108.0,360.0,1.0,Rural,Y,5182.0,0.020837352884429866,0.3
LP002978,Female,No,0,Graduate,No,2900,0.0,71.0,360.0,1.0,Rural,Y,2900.0,0.024474319200275766,0.19722222222222222
LP002979,Male,Yes,3+,Graduate,No,4106,0.0,40.0,180.0,1.0,Rural,Y,4106.0,0.009739469198928659,0.2222222222222222
LP002983,Male,Yes,1,Graduate,No,8072,240.0,253.0,360.0,1.0,Urban,Y,8312.0,0.030434259593407915,0.7027777777777777
LP002984,Male,Yes,2,Graduate,No,7583,0.0,187.0,360.0,1.0,Urban,Y,7583.0,0.02465717299578059,0.5194444444444445
LP002990,Female,No,0,Graduate,Yes,4583,0.0,133.0,360.0,0.0,Semiurban,N,4583.0,0.029013961605584643,0.36944444444444446
